Workbook

Sheet README
A1: EMERGISIM - Anaphylaxis FSM Dataset (final)
A2: Source | B2: Cardona et al., World Allergy Organization Anaphylaxis Guidance 2020, World Allergy Organ J 13:100472. Page numbers refer to the PDF. Every value is tagged with its source; anything the paper does not give is left blank for MIMIC-IV-ED or other literature.
A3: Grade mapping | B3: Early Reaction = Table 7 grade 3, Airway Compromise = grade 4, Cardiovascular Collapse = grade 5. Checked against the rendered PDF pages 13-14 (F-07).
A5: Sheet index
A6: Verify_Flags | B6: 31 flags: 22 Resolved/Verified, 4 Partially resolved, 2 Still open (design decisions or data), 2 explicitly FSM-designer/other-dataset scope, 1 informational caution only. RCUK 2021 and EAACI 2021 PDFs read; F-26 to F-31 added; State_Actions/Transitions realigned with Bundle_Sequence (F-26); F-25 numeric modifiers resolved via Worm et al. 2018 (see Worm2018_Modifiers sheet); F-09 C-04 exemption note aligned for cardiovascular_collapse; F-18 closed with 4 new symptoms/signs (cyanosis, increased work of breathing, pale/clammy skin, tachycardia). 25 Sep 2026.
A7: WAO_Grade_Map | B7: Table 7 grades 1-5 mapped to the 4 FSM states
A8: Global_Rules | B8: Diagnostic criteria, hypotension definition, epinephrine rules, second-line drugs, observation, tryptase
A9: Epinephrine_Doses | B9: IM adrenaline dose comparison across RCUK 2021 (default), WAO 2020 and EAACI 2021 (auto-injector and healthcare-setting doses)
A10: States | B10: The 4 FSM states with WAO grade, basis, entry requirement and transitions
A11: State_Symptoms | B11: Allowed / forbidden / superseded symptoms per state by symptom_id, with modality and who can report (one row per state per symptom, 90 rows, ready for LLM prompt building)
A12: Symptom_Master | B12: One row per symptom: symptom_id, first_state, modality, applies_to. Edit here, then regenerate State_Symptoms
A13: State_Communication | B13: Consciousness and speech ability per state (collapse has conscious_hypotensive and unconscious variants)
A14: Actions | B14: Action library ANA-xxx with category, notes, source (17 actions; ANA-018 = take tryptase sample)
A15: Contraindicated | B15: C-01 to C-04, explicit vs derived, RCUK/EAACI guideline_support column, time_penalty_seconds input (FSM designer)
A16: State_Actions | B16: State x action mapping with tier, now explicit for all 17 actions in all 3 states, realigned with Bundle_Sequence (F-26)
A17: Transitions | B17: FSM transitions; timer inputs
... A35: Needle_Gauge | B35: IM needle gauge, colour code and length by age, and the injection site
A37: Legend
A38: Yellow cell, blue text | B38: INPUT cell for your team to fill (timers, time penalties, vitals) or an example input in Calculators.
A39: Grey italic row | B39: Example row in Vitals_Template showing the expected format. NOT clinical data. Delete before use.
A40: Evidence level | B40: In State_Symptoms: 'Direct' = term appears in the paper; 'Derived' = patient-language wording (see F-08).
A41: Action IDs | B41: ANA-005 is intentionally unused (IDs are stable identifiers, not a count).
A42: PS IDs | B42: Post-recovery actions (Post_Stable_Brain3) use PS-01 to PS-15. Before the Stable state they are neutral (F-19).
A43: Status values | B43: In State_Symptoms: 'allowed' = may be conveyed; 'forbidden' = first appears in a later state, never mention; 'superseded' = same organ, replaced by a more severe wording, do not mention.
A44: Modality | B44: subjective = only the patient can report it; observed = trainee sees or hears it; both = either; measured = monitor value. Derived classification (F-12).
A45: Blank vs 'not graded' | B45: 'not graded' = symptom is not in WAO Table 7 (e.g. sense of heat). Blank in patient_can_report, trainee_can_observe, criterion1_role, inherited_from_earlier_state on forbidden/superseded rows = not applicable (those columns describe allowed symptoms only). Blank in Transitions base_timer_seconds = action-triggered, no timer. Blank in a yellow input cell = still to be filled (vitals, timers, time penalties).
A47: Summary (formulas)
A48: Symptom rows | B48: =COUNTA(State_Symptoms!A2:A91) -> 90
A49: Symptoms defined | B49: =COUNTA(Symptom_Master!A2:A31) -> 30
A50: Extra facts recorded | B50: =COUNTA(Extra_Facts!A2:A33) -> 32
A51: Actions defined | B51: =COUNTA(Actions!A2:A18) -> 17
A52: State-action mappings | B52: =COUNTA(State_Actions!A2:A63) -> 62
A53: Hints defined | B53: =COUNTA(Hints!A2:A25) -> 24
A54: Contraindicated actions | B54: =COUNTA(Contraindicated!A2:A5) -> 4
A55: Input cells still blank | B55: =COUNTBLANK(Vitals_Template!D2:M5)+COUNTBLANK(Contraindicated!H2:H5)+COUNTBLANK(Transitions!F3)+COUNTBLANK(Transitions!F5)+COUNTBLANK(Transitions!F7) -> 47

Sheet Verify_Flags
A1: flag_id | B1: severity | C1: topic | D1: issue | E1: recommended_action | F1: previous_severity
A2: F-01 | B2: Resolved in dataset | C2: WAO grade labels in your FSM doc | D2: Table 7 (p.13) gives: grade 3 = mild bronchospasm and/or GI; grade 4 = severe bronchospasm and/or laryngeal edema with stridor; grade 5 = respiratory failure and/or collapse/hypotension and/or loss of consciousness. Grades 1-2 are 'Not anaphylaxis'. Your FSM doc labels Early Reaction 'Grade I-II', Airway Compromise 'Grade III' and Cardiovascular Collapse 'Grade IV', which is one grade off. UPDATE (24 Sep 2026): WAO_Grade_Map.fsm_state_v2 and States already map grade 3 -> early_reaction, grade 4 -> airway_compromise, grade 5 -> cardiovascular_collapse -- this matches the recommended action exactly. The mislabelling ('Grade I-II' / 'III' / 'IV') is only in the separate FSM design document, not in this workbook; that document is being corrected outside this file. | E2: Change the doc to Early Reaction = Grade III (also meeting Table 2 criterion 1), Airway Compromise = Grade IV, Cardiovascular Collapse = Grade V. See WAO_Grade_Map. | F2: High
A3: F-02 | B3: Open — vitals/timers dataset + FSM designer scope | C3: Values the paper does not give | D3: No HR, RR, SpO2 ranges and no time-to-deterioration figures. Paper also notes fatal/near-fatal events are rare even when untreated. UPDATE (24 Sep 2026): Confirmed out of scope for guideline sourcing -- Vitals_Template values come from MIMIC-IV-ED (a separate dataset), and Transitions timers/compression are the FSM designer's decision (same scope as F-17, F-24, F-25). | E3: Fill Vitals_Template from MIMIC-IV-ED and Transitions timers from other literature. Describe 'no action -> scenario_end' as a simulation design choice, not a WAO claim. | F3: High
A4: F-03 | B4: Resolved | C4: IV fluid dose discrepancy | D4: Text (p.15): 20 mL/kg crystalloid bolus. Fig. 4 (p.11): 1-2 L of 0.9% saline (5-10 mL/kg in first 5-10 min for an adult; 10 mL/kg for a child). UPDATE (24 Sep 2026): Superseded by F-22: Fluid_Bolus_Comparison now uses RCUK 2021 (10 mL/kg child, 500-1000 mL adult, RCUK p.31) as the workbook default, with the WAO text (20 mL/kg) and WAO Fig. 4 (5-10 mL/kg adult first bolus, 10 mL/kg child) kept as comparison rows. No WAO-only figure is used uncited. | E4: Pick one and cite it consistently. Both are in the paper. | F4: Medium
A5: F-04 | B5: Resolved | C5: Typos in the source PDF | D5: Fig. 1 footnote says '>3%' (text and Table 2 say 30%). Text on p.17 says '500 mg (0.5 mg)'. Table 6 rows for 6-12 y and teenagers/adults omit the mL figure (only the header gives 0.5 mL). UPDATE (24 Sep 2026): This is an internal WAO-paper typo, unrelated to RCUK/EAACI. Confirmed: Epinephrine_Doses already computes WAO volumes as dose / 1 mg/mL (0.15/0.3/0.5 mL all present) and Autoinjector_Notes already uses 0.5 mg. No change needed. | E5: Use 30% and 0.5 mg. Volumes in Epinephrine_Doses are computed (dose / 1 mg/mL), not copied. | F5: Medium
A6: F-05 | B6: Resolved | C6: Maximum epinephrine dose | D6: Text and Table 6: max 0.5 mg. Fig. 4: max 0.5 mg adult or 0.3 mg child. UPDATE (24 Sep 2026): Neither RCUK nor EAACI states a single flat 'maximum dose' the way WAO's text does. Both use age/weight bands instead, and in both the child band is capped below the adult dose (RCUK: 150/300 micrograms for children vs 500 for adult/>12y, p.29; EAACI: 0.15/0.3 mg for children vs at least 0.3 mg for adolescents/adults, p.364), matching WAO Fig. 4's approach (child capped at 0.3 mg) rather than a flat 0.5 mg text-only rule for all ages. This supports keeping the Calculators sheet's Fig. 4-based 0.3 mg child cap as the default. | E6: Calculators sheet caps child at 0.3 mg per Fig. 4. Change if your team prefers the text-only rule. | F6: Low
A7: F-06 | B7: Resolved | C7: Contraindicated tier is partly derived | D7: WAO lists few explicit contraindications. C-01, C-02 and C-04 are explicit; C-03 (substituting other drugs for epinephrine) is derived from statements that bronchodilators are not an alternative and antihistamines can delay epinephrine. Time-penalty size is your design parameter. UPDATE (24 Sep 2026, RCUK 2021 and EAACI 2021 read): RCUK now states all four explicitly. C-01: IV adrenaline only by experienced specialists in an appropriate setting; undiluted 1:1000 must not be given IV (RCUK pp.7, 30, 37, Appendix 3 p.57; EAACI pp.362-363). C-02: H1-antihistamines can cause hypotension when given as a rapid IV bolus (RCUK p.32). C-03: antihistamines must not be given in preference to adrenaline and their use often delays it (RCUK p.32); steroids must not be given preferentially to adrenaline (p.33); bronchodilators and nebulised adrenaline must not replace further parenteral adrenaline (pp.30, 33). C-04: fatality can occur within minutes if the patient stands, walks or sits up suddenly (RCUK pp.19, 26; EAACI p.361: avoid any abrupt change to a more upright posture). RCUK says 'within minutes' and WAO 'within seconds'; quote each source in its own wording. RCUK p.37 allows a specialist IV bolus while an infusion is being set up, so C-01 applies to non-specialist trainees. | E7: Tier is source-confirmed. C-03 can now be treated as Explicit (RCUK 2021); see Contraindicated column I. time_penalty_seconds is set by the FSM designer (F-24). Clinical expert validation remains the final step. | F7: High
A8: F-07 | B8: Verified | C8: Table 7 grade columns | D8: Checked on the rendered PDF page 13. Header 'Not anaphylaxis' spans grades 1-2 and 'ANAPHYLAXIS' spans grades 3-5. Grade 3 = mild bronchospasm and/or GI (abdominal cramps, vomiting/diarrhea), uterine cramps; grade 4 = severe bronchospasm and/or laryngeal edema with stridor; grade 5 = respiratory failure and/or collapse/hypotension and/or loss of consciousness. No 'death' grade exists. | E8: None. The header lists grade 3 under ANAPHYLAXIS while the p.17 text says only some grade 3 reactions fit the definition, which is why Early Reaction also requires Table 2 criterion 1.
A9: F-08 | B9: Resolved (note verified correct) | C9: Derived symptom wording | D9: 'Throat or tongue tightness' and 'marked shortness of breath' are patient-language renderings of laryngeal involvement (Table 2) and severe bronchospasm (Table 7 grade 4), not verbatim paper terms. Marked 'Derived' in State_Symptoms. UPDATE (24 Sep 2026): Checked against RCUK/EAACI: both use similar patient-facing language ('throat feels as if it is closing', 'sense of impending doom', RCUK pp.21-22; persistent cough, difficult/noisy breathing, EAACI Boxes 6-7 pp.369-370) without giving these as verbatim WAO terms either. The existing note (keep for dialogue, do not cite as direct WAO wording) is accurate and needs no change. | E9: Keep for natural dialogue, but do not cite them as direct WAO wording. | F9: Medium
A10: F-09 | B10: Resolved | C10: C-04 is conditional | D10: Fig. 4 warns fatality can occur within seconds if the patient stands or sits suddenly, but sitting is acceptable when there is respiratory distress (p.15). UPDATE (24 Sep 2026, RCUK 2021 and EAACI 2021 read): RCUK p.26 (section 4.4) and Fig. 6 p.25: patients must not walk or stand during acute reactions; patients with Airway and Breathing problems may prefer a semi-recumbent position; lying flat, with or without leg elevation, for low blood pressure. EAACI p.361 and Fig. 1 p.364 say the same. RCUK p.19 limits the semi-recumbent position to predominantly respiratory symptoms with no evidence of cardiovascular instability. UPDATE (25 Sep 2026): State_Actions row for C-04 in cardiovascular_collapse aligned — the 'not in respiratory distress' exemption has been removed for this state; RCUK p.19 confines that exemption to purely respiratory presentations with no cardiovascular instability. | E10: Done — condition_note for C-04 in cardiovascular_collapse (State_Actions) updated to remove the respiratory-distress exemption. | F10: Medium
A11: F-10 | B11: Resolved (see F-20, F-26) | C11: Bundle logic not specified | D11: WAO names IM epinephrine as first-line/definitive; O2, IV access and fluids are supportive. It does not say whether all listed actions are required for a transition. UPDATE (24 Sep 2026): Team decision made: not ALL, not ANY, but a per-state required set (see Bundle_Sequence and the State_Actions tiers realigned in F-26). F-10 is superseded and kept only for history. | E11: Team decision (ALL vs epinephrine-only vs ANY). Brain 3 partial credit applies either way (FSM doc, Limitation 4). | F11: Medium
A12: F-11 | B12: Partially resolved | C12: Speech ability per state is derived | D12: WAO gives loss of consciousness only for grade 5, and grade 5 is 'and/or' (collapse/hypotension can occur while conscious). 'Short phrases' for grade 4 and 'full sentences' for grade 3 are standard clinical assessment, not WAO wording. See State_Communication. UPDATE (24 Sep 2026, RCUK 2021 and EAACI 2021 read): Consciousness and collapse features are supported by RCUK pp.21-22 and Table 3 p.23 (dizziness, decreased conscious level or loss of consciousness, confusion, agitation), EAACI Fig. 1 p.364 (dizziness, fainting, confusion) and EAACI Boxes 6-7 pp.369-370 (persistent dizziness, suddenly sleepy, collapse/unconscious). Loss of consciousness is not required for grade 5, which supports the conscious_hypotensive variant. The speech-ability wording (full sentences / short phrases / single words) is not in RCUK, EAACI or WAO. | E12: Keep the speech column marked 'Derived (clinical convention)' and do not cite it to any anaphylaxis guideline. Clinical expert to confirm at final validation. | F12: Medium
A13: F-12 | B13: Still open | C13: Modality classification is derived | D13: subjective / observed / both / measured in Symptom_Master follows clinical convention (what only the patient can report vs what the trainee can see, hear or read on a monitor). It is not stated in WAO. UPDATE (24 Sep 2026, RCUK 2021 and EAACI 2021 read): Neither RCUK nor EAACI classifies symptoms as subjective / observed / both / measured. RCUK p.21 and EAACI Fig. 1 p.364 list symptoms and signs together, so they can be used to cross-check placement but not to validate the classification. | E13: Document as a design definition (symptom = reported by the patient; sign = observed or measured), not a guideline claim. Expert to spot-check. | F13: Medium
A14: F-13 | B14: Partially resolved | C14: Mild wheeze is marked 'superseded' in airway and collapse | D14: Grade 3 'mild bronchospasm, responds to treatment' and grade 4 'severe bronchospasm, not responding' describe the same organ at different severity, so the mild wording would contradict the state. The WAO inclusion rule ('any symptom from grades 1 or 3 is included') is kept for every other symptom. UPDATE (24 Sep 2026, RCUK 2021 and EAACI 2021 read): No guideline states that mild wheeze must stop being mentioned once the state worsens. RCUK p.21 says breathing problems 'can vary from mild bronchospasm to life-threatening asthma', which supports treating them as one severity continuum. | E14: Keep the 'superseded' rule as a documented consistency decision. Optionally merge mild and severe wheeze into one symptom_id with severity levels. Expert to confirm. | F14: Medium
A15: F-14 | B15: Resolved | C15: Forbidden lists are now generated, uterine cramps added | D15: Forbidden = every symptom whose first_state is later than the current state, matched by symptom_id (fixes 9 missing entries in early_reaction, 4 in airway_compromise and the name mismatches such as 'voice change' vs 'hoarse/changed voice'). Uterine cramps (grade 3, WAO_Grade_Map) was missing from State_Symptoms and is added as female-only. | E15: Do not edit forbidden rows by hand. Change first_state in Symptom_Master and regenerate. | F15: Low
A16: F-15 | B16: Resolved | C16: Completed State_Actions tiers are read from WAO's indication wording | D16: Every state x action pair is now explicit (16 actions x 3 states). 'conditional' = only under a condition the PDF states; 'neutral' = the PDF gives no indication in that state, which is not proof that the action is harmless. CPR (ANA-013) in early and airway state is neutral because the PDF only says 'where indicated'. UPDATE (24 Sep 2026, RCUK 2021 and EAACI 2021 read): RCUK Fig. 6 p.25, Fig. 7 p.36 and pp.26, 31, 34, 37, 39: CPR only in cardiac arrest (pp.26, 39), so 'neutral' in early/airway is source-consistent; after arrest IM adrenaline is unreliable and IV/IO adrenaline is used (p.26). IV fluid bolus is for hypotension/shock or poor response to the first dose (p.31), so 'conditional' rather than 'neutral' in early/airway. Adrenaline infusion is for refractory anaphylaxis after two IM doses (pp.34, 37). Glucagon is for patients on beta-blockers who remain refractory to infusion and fluids (p.39). Antihistamines are third-line and steroids are not routine (pp.9, 32-33). Oxygen is recommended for all patients (RCUK p.31, EAACI p.365) but is supportive, not the required action. Some current State_Actions and Transitions entries differ from this (see F-26). UPDATE (24 Sep 2026): Tiers realigned with Bundle_Sequence; see F-26 for the exact changes applied to State_Actions and Transitions. Expert to confirm CPR and infusion tiers at final validation. | E16: Align State_Actions and Transitions with Bundle_Sequence (F-26) before final validation. Expert to confirm CPR and infusion tiers. | F16: Partially resolved
A17: F-16 | B17: Medium | C17: Wording in Hints, Observable_Signs and Action_Aliases is derived | D17: Content follows PDF terms (see the source columns) but the phrasing is ours, not WAO text. Brand names such as EpiPen or Auvi-Q appear in the PDF only in reference titles, so they are not in Action_Aliases. Hint timing and visibility are Brain 1's job. | E17: Do not quote hint or cue wording as WAO text. Add trainee phrase variants (how people actually say it) as an NLP task.
A18: F-17 | B18: Open — FSM designer scope | C18: Time values in State_Variables and Hints are real clinical minutes | D18: The 5-15 min repeat interval and similar values are real time. The PDF gives no penalty for repeating epinephrine too early or too late. UPDATE (24 Sep 2026): Confirmed as a design decision, not a sourcing gap: no guideline gives a penalty for early/late repeat dosing. Time-compression factor and any repeat-timing scoring are the FSM designer's decision (same scope as F-24/F-25). | E18: Convert with the time-compression factor before use. Decide any repeat-timing scoring with the expert. | F18: Medium
A19: F-18 | B19: Resolved | C19: Observable_Signs holds only signs the PDF names | D19: Cyanosis, pallor, sweating, use of accessory muscles and tachycardia are NOT in the PDF, so they were not added. WAO also gives no SpO2 cut-off for hypoxemia. UPDATE (24 Sep 2026, RCUK 2021 and EAACI 2021 read): Second sources found. RCUK p.21 and Fig. 6 p.25: increased work of breathing, fatigue, hypoxaemia (SpO2 <94%), central cyanosis, pale and clammy skin, significant tachycardia, hypotension. EAACI Fig. 1 p.364: dyspnoea, tachypnoea, cyanosis, tachycardia, dizziness, fainting, confusion. Sweating and accessory-muscle use are not named as such in either guideline. UPDATE (25 Sep 2026): Added SYM-031 (cyanosis), SYM-032 (increased work of breathing), SYM-033 (pale, clammy skin) and SYM-034 (tachycardia) to Symptom_Master, and SIGN-023 to SIGN-026 to Observable_Signs, all evidence_level 'Derived', citing RCUK p.21/Fig.6 p.25 and EAACI Fig.1 p.364. Sweating and accessory-muscle use intentionally NOT added (not named in either guideline). SpO2 <94% kept as reference threshold only (already noted against SIGN-021 hypoxemia). | E19: Done — 4 new symptoms + 4 new observable signs added; see Symptom_Master and Observable_Signs. | F19: Low
A20: F-19 | B20: Resolved | C20: Post-recovery actions use PS-xx IDs and are neutral before the Stable state | D20: PS-01 to PS-15 (Post_Stable_Brain3) are scored by Brain 3 after recovery. 'Neutral before stable' is a design choice: the PDF says anaphylaxis needs immediate management (p.14) but does not tier discharge actions by state. UPDATE (24 Sep 2026, RCUK 2021 and EAACI 2021 read): RCUK pp.7, 42-45 and EAACI p.366 (Box 4) place observation, auto-injector prescription with training, written action plan, allergy referral and record keeping after treatment and stabilisation. Neither guideline tiers them by FSM state, so 'neutral before stable' is consistent with the sources. Two corrections: (1) RCUK pp.7, 45 recommend an auto-injector for all patients except those with a drug-induced reaction (unless future exposure is hard to avoid), so PS-02 needs this condition. (2) The acute tryptase sample is taken during the reaction (see F-31). | E20: Add the drug-induced exception to PS-02. Handle the acute tryptase sample under F-31. No other change. | F20: Low
A21: F-20 | B21: Resolved (see F-26) | C21: Bundle rule for FSM state transitions (was undecided) | D21: RCUK 2021's own algorithm (Fig. 6/7) makes IM adrenaline the single required action for transitioning early_reaction and airway_compromise to stable; all other actions (remove trigger, call for help, position, O2, monitor, fluids) are supportive/conditional, not required for the transition. This matches the design already used in Transitions/State_Actions. | E21: Source confirms the bundle rule for early_reaction. However, State_Actions and Transitions still list oxygen (and, in collapse, IV access and fluids) as transition triggers, which differs from Bundle_Sequence. See F-26.
A22: F-21 | B22: Resolved | C22: Repeat-dose interval conflict (WAO 5-15 min vs a single number) | D22: RCUK 2021 (most recent, GRADE-based) specifies a fixed 5-minute repeat interval, not a 5-15 min range. WAO's wider range and EAACI's '5-10 min' checklist are kept as alternatives. | E22: RCUK's 5 min is used as the default in Bundle_Sequence and Repeat_Interval_Comparison. Confirm with expert before hard-coding into Brain 1 timers.
A23: F-22 | B23: Resolved | C23: Fluid bolus conflict (WAO's two internally-conflicting figures, F-03) | D23: A third, more recent and internally-consistent guideline (RCUK 2021) is now the default: child 10 mL/kg, adult 500-1000 mL rapid bolus, non-glucose crystalloid, up to 3-5 L in adults for severe shock. WAO's two figures and EAACI's figures are kept for comparison. | E23: See Fluid_Bolus_Comparison. RCUK figure used as the workbook default; expert to confirm at final validation.
A24: F-23 | B24: Partially resolved | C24: Timers (item 3): exact anchor times | D24: RCUK 2021's own Figure 4 (p.17) independently reports the same anchor times as Pumphrey 2000 (food ~30 min, venom 10-15 min, IV medication ~5 min to arrest), which strengthens confidence in these numbers as a second, current, national-guideline source. | E24: The split of a disease's total time across the 3 FSM states, and the sim-time compression factor, are still design decisions — not resolved by any guideline.
A25: F-24 | B25: Still open | C25: Time penalty (item 2): no numeric value in any guideline | D25: RCUK 2021 adds further real-world evidence that IV bolus adrenaline and sudden posture change are dangerous (RCUK p.30: fatalities have occurred in the UK from inappropriate IV adrenaline given for non-anaphylaxis allergic reactions; RCUK pp.19, 26: sudden posture change is associated with collapse and death), but gives no numeric penalty for the FSM's timer. UPDATE (24 Sep 2026, RCUK 2021 and EAACI 2021 read): The figure 'three UK deaths' that appeared in the earlier wording is not stated in the RCUK PDF text and was removed. | E25: Still requires a numeric decision by the FSM designer and pilot testing. Guidelines give direction only: C-01 and C-04 carry documented deaths, C-02 causes hypotension, C-03 delays adrenaline.
A26: F-25 | B26: Resolved (numeric modifiers); escalation lines still open | C26: Escalation lines (item 6) and Worm 2018 numeric modifiers (item 4) | D26: Neither RCUK 2021 nor EAACI 2021 supplies dialogue text for gradual symptom escalation, or numeric odds ratios for cofactors/comorbidities. UPDATE (24 Sep 2026, RCUK 2021 and EAACI 2021 read): Patient-language cues can be taken from EAACI Boxes 6-7 pp.369-370 (persistent cough, hoarse voice, difficulty swallowing, swollen tongue, difficult or noisy breathing, wheeze, persistent dizziness, pale or floppy, suddenly sleepy, collapse) and RCUK pp.21-22 (throat feels as if it is closing, anxiety, 'sense of impending doom', confusion, agitation). The Worm 2018 odds ratios are in neither PDF. UPDATE (25 Sep 2026, Worm et al. 2018, Allergy 73(6):1322-1330, doi:10.1111/all.13380, read): Numeric odds ratios for cofactors/comorbidities now sourced from Table 1 of this paper (European Anaphylaxis Registry, n=7316). See new 'Worm2018_Modifiers' sheet for the full OR/CI table (NIAID/FAAN and Ring & Messmer models). Escalation dialogue lines (item 6) remain team-written, per original recommended_action. | E26: Numeric modifiers: DONE — use Worm2018_Modifiers sheet values, tagged evidence_level 'Empirical (Worm 2018)'. Escalation lines: team still writes the dialogue, maps each line to a symptom_id, tags evidence_level 'Derived (team-written)'. | F26: Still open
A27: F-26 | B27: Resolved | C27: State_Actions and Transitions differ from Bundle_Sequence | D27: Transitions requires ANA-004 and ANA-007 for airway_compromise -> stable, and ANA-004, ANA-008, ANA-009 and ANA-007 for cardiovascular_collapse -> stable. State_Actions marks ANA-007 (airway) and ANA-007/008/009 (collapse) as 'correct' with triggers_transition = Yes. Bundle_Sequence (RCUK Fig. 6/7, pp.25, 31, 34-37) makes IM adrenaline the only required action in early_reaction and airway_compromise (oxygen = No), and in collapse requires IM doses until two have been given, then an adrenaline infusion; fluids are conditional; CPR if arrested. State_Actions collapse and airway notes also say 'every 5-15 min' (WAO) while Bundle_Sequence uses 5 min (F-21), and Actions/Calculators still use 0.01 mg/kg with a 0.3 mg child cap (WAO, F-05) while Epinephrine_Doses uses RCUK as default. F-20 says no change is needed; that is not correct for the current sheets. UPDATE (24 Sep 2026): Applied: oxygen (ANA-007) is now supportive, not a transition trigger, in every state. IV fluids (ANA-009) are conditional (not neutral) in early_reaction and airway_compromise. Adrenaline infusion (ANA-014) and glucagon (ANA-015) are neutral in airway_compromise (both require the refractory/cardiovascular_collapse state per RCUK p.34, p.37, p.39) and conditional/correct in cardiovascular_collapse. In cardiovascular_collapse, the required transition action is now two IM adrenaline doses (ANA-004) followed by the adrenaline infusion (ANA-014); oxygen and IV access are supportive, IV fluids are conditional, and CPR (ANA-013) triggers transition only if the patient has arrested. Transitions rows for airway_compromise and cardiovascular_collapse updated to match. F-20's 'no change needed' wording is now correct. | E27: FSM team to choose: keep the current bundle as a design choice and reword F-20, or align State_Actions and Transitions with Bundle_Sequence. RCUK-aligned suggestion: oxygen supportive (not a trigger) in all states; IV access/fluids conditional in early/airway; collapse triggered by IM doses (until two), infusion (ANA-014) and CPR if arrested; glucagon conditional in collapse only. Not applied automatically because it changes FSM logic. | F27: High
A28: F-27 | B28: Resolved | C28: Missing and conflicting doses in Action_Aliases | D28: Action_Aliases showed 'No dose in PDF' for ANA-011, 012, 014, 015, 016 and 017 (WAO gives none). RCUK 2021 gives them (Appendix 3 p.57; p.30; Table 4 p.32) and they are now entered in Action_Aliases. Conflict: nebulised adrenaline is 5 mL of 1 mg/mL, i.e. 5 mg (RCUK p.30), but 1 mg in 4 mL 0.9% NaCl (EAACI Fig. 1 p.364). Neither guideline gives a chlorphenamine dose; RCUK recommends an oral non-sedating antihistamine such as cetirizine after stabilisation (Table 4 p.32). UPDATE (24 Sep 2026): Doses added to Action_Aliases for ANA-011, 012, 014, 015, 016 and 017 from RCUK Appendix 3 p.57, p.30 and Table 4 p.32. | E28: Use RCUK as the default and keep the EAACI value as a comparison. Confirm the nebulised dose with the expert. | F28: Medium
A29: F-28 | B29: Resolved | C29: Oxygen flow rate differs between guidelines | D29: WAO Fig. 4: 6-8 L/min by face mask. EAACI Fig. 1 p.364: 10 L/min with a reservoir bag. RCUK p.31: highest concentration possible with a reservoir mask, then titrate to SpO2 94-98% (88-92% if at risk of hypercapnic respiratory failure). Global_Rules D16, Actions D7 and Action_Aliases G7 use the WAO figure. UPDATE (24 Sep 2026): Global_Rules D16/E16, Actions D7/E7 and Action_Aliases (ANA-007) updated to RCUK as the default oxygen instruction, with WAO and EAACI flow rates kept as comparison text. SpO2 titration needs the SpO2 value from the vitals data (still blank per F-02, designer/other-dataset scope). | E29: Default to RCUK and keep WAO and EAACI as comparison. Titration to SpO2 needs the SpO2 value from the vitals data. | F29: Medium
A30: F-29 | B30: Resolved | C30: EAACI dose bands are also treatment doses | D30: Epinephrine_Doses labels the EAACI rows as auto-injector prescribing only. EAACI Fig. 1 p.364 also gives treatment doses (0.15 mg for <25-30 kg, 0.3 mg for >=25-30 kg, 0.5 mg may be considered for adolescents and adults), and p.365 states the healthcare-setting IM dose is 0.01 mg/kg, with 0.5 mg or a repeated 0.3 mg considered in severe reactions. UPDATE (24 Sep 2026): Epinephrine_Doses EAACI rows corrected: they are also healthcare-provider treatment doses (EAACI Fig. 1 p.364), not only auto-injector prescribing bands. Added the EAACI 0.01 mg/kg healthcare-setting rule (p.365) as a new row. | E30: Update the EAACI note in Epinephrine_Doses. RCUK remains the default. | F30: Low
A31: F-30 | B31: Resolved | C31: Observation duration differs between guidelines | D31: RCUK pp.42-43: fast-track 2 h, minimum 6 h, at least 12 h depending on risk. EAACI p.366: monitor 6-8 h with respiratory compromise and at least 12-24 h with hypotension. Discharge_Observation contains RCUK only. UPDATE (24 Sep 2026): Added an EAACI 2021 comparison row to Discharge_Observation (p.366: 6-8 h respiratory compromise, 12-24 h hypotension). RCUK remains the default. | E31: Keep RCUK as the default and add an EAACI comparison row. | F31: Low
A32: F-31 | B32: Resolved | C32: Acute tryptase sample is not modelled | D32: RCUK p.41 and EAACI p.361 recommend a tryptase sample as soon as feasible without delaying treatment, a second sample 1-2 h (no later than 4 h) after onset, and a baseline at least 24 h after resolution. RCUK Fig. 7 p.36 includes 'take blood sample for mast cell tryptase'. Post_Stable_Brain3 contains only the baseline (PS-07) and Actions has no action for the acute sample. UPDATE (24 Sep 2026): Added action ANA-018 'take blood sample for mast cell tryptase' (Actions, Action_Aliases, State_Actions in all 3 states, tier supportive, must not delay adrenaline). PS-07 keeps the baseline (>=24 h) sample; ANA-018 covers the acute/2-hour sample. | E32: Team decision: add an action (for example ANA-018 'take tryptase sample') as supportive in all states that must not delay adrenaline, and keep PS-07 for the baseline. | F32: Medium

Sheet WAO_Grade_Map
A1: table7_grade | B1: organ_systems_and_symptoms | C1: anaphylaxis_per_paper | D1: fsm_state_v2 | E1: confidence | F1: source
A2: 1 | B2: One organ system present. Cutaneous: urticaria and/or erythema-warmth and/or pruritus (other than at an injection site); tingling or itching of the lips, or angioedema (not laryngeal). Upper respiratory: nasal symptoms (sneezing, rhinorrhea, pruritus, congestion); throat-clearing (itchy throat); cough not related to bronchospasm. Conjunctival: erythema, pruritus, tearing. Other: nausea, metallic taste. | C2: No (header 'Not anaphylaxis') | D2: Not a state (pre-anaphylaxis) | E2: Verified on rendered PDF pp.13-14 | F2: Table 7 pp.13-14
A3: 2 | B3: Symptoms/signs from 2 or more organ systems (the cell text is cut off in the PDF at '>=2 organ'). | C3: No (header 'Not anaphylaxis') | D3: Not a state (pre-anaphylaxis) | E3: Verified on rendered PDF p.13 | F3: Table 7 p.13
A4: 3 | B4: Lower airway: mild bronchospasm (cough, wheezing, shortness of breath) which responds to treatment. And/or gastrointestinal: abdominal cramps and/or vomiting/diarrhea. Other: uterine cramps. Any grade 1 symptom is included. | C4: Header says ANAPHYLAXIS; p.17 text adds that only some grade 3 reactions fit the definition | D4: early_reaction | E4: Verified on rendered PDF p.13 | F4: Table 7 p.13; p.17
A5: 4 | B5: Lower airway: severe bronchospasm not responding or worsening in spite of treatment. And/or upper airway: laryngeal edema with stridor. Any symptom from grades 1 or 3 is included. | C5: Yes (header ANAPHYLAXIS) | D5: airway_compromise | E5: Verified on rendered PDF p.13 | F5: Table 7 p.13
A6: 5 | B6: Lower or upper airway: respiratory failure. And/or cardiovascular: collapse/hypotension. And/or loss of consciousness (vasovagal excluded). Any symptom from grades 1, 3 or 4 is included. | C6: Yes (header ANAPHYLAXIS) | D6: cardiovascular_collapse | E6: Verified on rendered PDF p.13 | F6: Table 7 p.13

Sheet Global_Rules
A1: rule_id | B1: category | C1: parameter | D1: value | E1: source
A2: G-01 | B2: Diagnosis | C2: Criterion 1 | D2: Acute onset (minutes to several hours) of skin and/or mucosal involvement (generalized hives, pruritus/flushing, swollen lips-tongue-uvula) AND at least one of: (a) respiratory compromise (dyspnea, wheeze-bronchospasm, stridor, reduced PEF, hypoxemia); (b) reduced BP or end-organ dysfunction (hypotonia/collapse, syncope, incontinence); (c) severe GI symptoms (severe crampy abdominal pain, repetitive vomiting), especially after non-food allergens. Symptoms appear more or less simultaneously. | E2: Table 2 p.5; Fig. 1 p.6; p.9
A3: G-02 | B3: Diagnosis | C3: Criterion 2 | D3: Acute onset of hypotension OR bronchospasm OR laryngeal involvement (stridor, vocal changes, odynophagia) after exposure to a known or highly probable allergen for that patient, even without typical skin involvement. | E3: Table 2 p.5; Fig. 1 p.6
A4: G-03 | B4: Diagnosis | C4: Skin signs absent | D4: Skin signs are absent in 10-20% of anaphylaxis reactions (supports a no-skin scenario variant). | E4: p.7
A5: G-04 | B5: Hypotension | C5: All ages | D5: Decrease in systolic BP greater than 30% from the person's baseline. | E5: Table 2 footnote a
A6: G-05 | B6: Hypotension | C6: Adults and children over 10 y | D6: Systolic BP < 90 mmHg. | E6: Table 2 footnote a
A7: G-06 | B7: Hypotension | C7: Infants and children under 10 y | D7: Systolic BP < 70 mmHg + (2 x age in years). | E7: Table 2 footnote a
A8: G-07 | B8: Epinephrine | C8: Route and site | D8: Intramuscular, mid-anterolateral thigh (vastus lateralis). | E8: Fig. 4 p.11; p.15
A9: G-08 | B9: Epinephrine | C9: Concentration | D9: 1 mg/mL (1:1000) recommended for IM injection (allows an appropriate volume). | E9: Table 6 footnote a, p.12
A10: G-09 | B10: Epinephrine | C10: Dose (healthcare professional) | D10: 0.01 mg/kg body weight, maximum total 0.5 mg IM. Fig. 4: maximum 0.5 mg adult or 0.3 mg child. See Epinephrine_Doses. | E10: p.15; Table 6 p.12; Fig. 4
A11: G-10 | B11: Epinephrine | C11: Repeat dosing | D11: Repeat every 5-15 min if symptoms are refractory. Most patients respond to 1 or 2 doses. | E11: p.15; Fig. 4
A12: G-11 | B12: Epinephrine | C12: Auto-injector technique | D12: Inject into mid-anterolateral thigh, hold in place about 3-10 s, then call for medical assistance. | E12: p.16
... A23: G-22 | B23: Diagnostics | C23: Serum tryptase | D23: Rises from 15 min to 3 h after onset, peaking at 1-2 h. Normal level does not exclude anaphylaxis. Measure baseline at least 24 h after symptoms resolve. | E23: p.17

Sheet Epinephrine_Doses
A1: guideline | B1: recommended_default | C1: patient_group | D1: dose | E1: concentration | F1: route_and_prep | G1: repeat_interval | H1: source | I1: note
A2: RCUK 2021 | B2: Yes | C2: Adult and child > 12 years | D2: 500 micrograms IM (0.5 mL) | E2: 1 mg/mL (1:1000) | F2: IM, ampoule + syringe (preferred in healthcare settings over auto-injector) | G2: Repeat after 5 min if no improvement | H2: RCUK 2021 p.29 | I2: Give 300 micrograms (0.3 mL) if the child is small or prepubertal
A3: RCUK 2021 | B3: Yes | C3: 6-12 years | D3: 300 micrograms IM (0.3 mL) | E3: 1 mg/mL (1:1000) | F3: IM, ampoule + syringe | G3: Repeat after 5 min if no improvement | H3: RCUK 2021 p.29
A4: RCUK 2021 | B4: Yes | C4: 6 months - 6 years | D4: 150 micrograms IM (0.15 mL) | E4: 1 mg/mL (1:1000) | F4: IM, ampoule + syringe | G4: Repeat after 5 min if no improvement | H4: RCUK 2021 p.29
A5: RCUK 2021 | B5: Yes | C5: Under 6 months | D5: 100-150 micrograms IM (0.1-0.15 mL) | E5: 1 mg/mL (1:1000) | F5: IM, ampoule + syringe | G5: Repeat after 5 min if no improvement | H5: RCUK 2021 p.29 | I5: First guideline to give a specific dose for this age band
A6: WAO 2020 | B6: No (superseded by RCUK default above) | C6: General rule (weight-based) | D6: 0.01 mg/kg, max 0.5 mg | E6: 1 mg/mL (1:1000) | F6: IM, mid-anterolateral thigh | G6: Repeat every 5-15 min if refractory | H6: WAO p.15; Table 6 p.12 | I6: Wider repeat window (5-15 min) than RCUK's fixed 5 min; see Repeat_Interval_Comparison
A7: WAO 2020 | B7: No | C7: Infant under 10 kg | D7: 0.01 mg/kg | E7: 1 mg/mL (1:1000) | F7: IM, mid-anterolateral thigh | G7: Repeat every 5-15 min if refractory | H7: WAO Table 6 p.12
A8: WAO 2020 | B8: No | C8: Child 1-5 years | D8: 0.15 mg (0.15 mL) | E8: 1 mg/mL (1:1000) | F8: IM, mid-anterolateral thigh | G8: Repeat every 5-15 min if refractory | H8: WAO Table 6 p.12 | I8: Same fixed dose as RCUK's 6mo-6y band
A9: WAO 2020 | B9: No | C9: Child 6-12 years | D9: 0.3 mg (0.3 mL) | E9: 1 mg/mL (1:1000) | F9: IM, mid-anterolateral thigh | G9: Repeat every 5-15 min if refractory | H9: WAO Table 6 p.12 | I9: Matches RCUK's 6-12y dose
A10: WAO 2020 | B10: No | C10: Teenager / adult | D10: 0.5 mg (0.5 mL) | E10: 1 mg/mL (1:1000) | F10: IM, mid-anterolateral thigh | G10: Repeat every 5-15 min if refractory | H10: WAO Table 6 p.12 | I10: Matches RCUK's adult/>12y dose
A11: EAACI 2021 | B11: No (RCUK remains the workbook default) | C11: Children 7.5-25/30 kg (auto-injector) | D11: 0.15 mg auto-injector | E11: N/A (fixed-dose device) | F11: IM, auto-injector or ampoule + syringe (EAACI Fig. 1 treatment algorithm, p.364, uses the same doses for healthcare treatment) | G11: Repeat per device label | H11: EAACI p.364-365 | I11: This dose is also used for healthcare-provider treatment, not only for auto-injector prescribing (EAACI Fig. 1 p.364); matches the RCUK 6mo-6y/6-12y bands.
A12: EAACI 2021 | B12: No (RCUK remains the workbook default) | C12: Children over 25-30 kg (auto-injector) | D12: 0.3 mg auto-injector | E12: N/A (fixed-dose device) | F12: IM, auto-injector or ampoule + syringe (EAACI Fig. 1 treatment algorithm, p.364) | G12: Repeat per device label | H12: EAACI p.364-365 | I12: Also an EAACI healthcare-provider treatment dose (Fig. 1 p.364), not only an auto-injector band; matches the RCUK adult/>12y and 6-12y bands.
A13: EAACI 2021 | B13: No (RCUK remains the workbook default) | C13: Adolescents and adults at risk (auto-injector) | D13: At least 0.3 mg auto-injector | E13: N/A (fixed-dose device) | F13: IM, auto-injector or ampoule + syringe (EAACI Fig. 1 treatment algorithm, p.364) | G13: Repeat per device label | H13: EAACI p.364-365 | I13: EAACI Fig. 1 p.364 also allows this as a treatment dose, and p.365 states the general healthcare-setting IM dose is 0.01 mg/kg, with 0.5 mg or a repeated 0.3 mg considered in severe reactions (0.5 mg device considered if overweight or previous life-threatening reaction, EAACI p.365).
A14: EAACI 2021 | B14: No (RCUK remains the workbook default) | C14: General rule (weight-based), healthcare setting | D14: 0.01 mg/kg IM; 0.5 mg or a repeated 0.3 mg may be considered in severe reactions | E14: 1 mg/mL (1:1000) | F14: IM, ampoule + syringe | G14: Not specified for the ampoule route in EAACI | H14: EAACI 2021 p.365 | I14: Confirms EAACI treatment dosing is not limited to auto-injector prescribing.

Sheet States
A1: state_id | B1: state_name | C1: wao_table7_grade | D1: wao_basis | E1: entry_requirement | F1: vitals_from_WAO | G1: vitals_other | H1: on_correct | I1: on_timer_expiry_or_no_action | J1: source_note
A2: early_reaction | B2: Early Reaction | C2: 3 | D2: Table 7 grade 3 (mild bronchospasm and/or GI) AND Table 2 criterion 1 met. Table 7 lists grade 3 under ANAPHYLAXIS, but the p.17 text says only some grade 3 reactions fit the definition, so this state is the subset meeting criterion 1. | E2: Skin/mucosal component AND at least one qualifier (mild wheeze/shortness of breath, or severe/repetitive GI). See State_Symptoms criterion1_role. No-skin variant: Table 2 criterion 2 (skin signs absent in 10-20%, G-03). | F2: SBP stays above the hypotension threshold (G-04 to G-06) | G2: HR/RR/SpO2 not given by WAO; use MIMIC-IV-ED | H2: stable | I2: airway_compromise | J2: Table 2 p.5; Table 7 pp.13-14; Fig. 4
A3: airway_compromise | B3: Airway Compromise | C3: 4 | D3: Table 7 grade 4: severe bronchospasm not responding or worsening despite treatment, and/or laryngeal edema with stridor. | E3: Stridor, voice change or painful swallowing, or severe bronchospasm. May also carry all early_reaction symptoms. | F3: Hypoxemia is a criterion but no SpO2 cut-off is given; SBP stays above hypotension threshold | G3: Use MIMIC-IV-ED for HR/RR/SpO2 | H3: stable | I3: cardiovascular_collapse | J3: Table 7 pp.13-14
A4: cardiovascular_collapse | B4: Cardiovascular Collapse | C4: 5 | D4: Table 7 grade 5: respiratory failure and/or cardiovascular collapse/hypotension and/or loss of consciousness (vasovagal excluded). | E4: Hypotension per G-04 to G-06, or collapse/loss of consciousness, or respiratory failure. | F4: Hypotension per G-04 to G-06 (adult SBP < 90 or >30% fall from baseline) | G4: Use MIMIC-IV-ED. PEA/arrest rhythm is your design choice; WAO only says CPR with continuous compressions 'where indicated' | H4: stable | I4: scenario_end (design choice, see F-02) | J4: Table 7 pp.13-14; p.15
A5: stable | B5: Stable | C5: not defined by WAO | D5: Response to epinephrine (most respond to 1-2 doses). WAO does not define a 'stable' state. | E5: Symptoms resolving after treatment | F5: None defined | G5: Vitals trend back gradually; not instantaneous | H5: (terminal) | I5: (terminal) | J5: Fig. 4; Post_Stable_Brain3 sheet

Sheet State_Symptoms
A1: state_id | B1: symptom_id | C1: symptom | D1: status | E1: modality | F1: patient_can_report | G1: trainee_can_observe | H1: applies_to | I1: organ_system | J1: wao_table7_grade | K1: criterion1_role | L1: inherited_from_earlier_state | M1: evidence_level | N1: source | O1: note
A2: early_reaction | B2: SYM-001 | C2: itchy skin | D2: allowed | E2: subjective | F2: Yes (full sentences) | G2: No (only if patient reports it) | H2: all | I2: Cutaneous | J2: 1 | K2: skin/mucosal component | L2: No | M2: Direct | N2: Table 2 (pruritus); Table 7 grade 1
A3: early_reaction | B3: SYM-002 | C3: hives | D3: allowed | E3: observed | F3: not needed (observed) | G3: Yes | H3: all | I3: Cutaneous | J3: 1 | K3: skin/mucosal component | L3: No | M3: Direct | N3: Table 2; Table 7 grade 1 (urticaria)
A4: early_reaction | B4: SYM-003 | C4: flushing | D4: allowed | E4: observed | F4: not needed (observed) | G4: Yes | H4: all | I4: Cutaneous | J4: 1 | K4: skin/mucosal component | L4: No | M4: Direct | N4: Table 2; Table 7 grade 1 (erythema-warmth)
A5: early_reaction | B5: SYM-004 | C5: sense of heat | D5: allowed | E5: subjective | F5: Yes (full sentences) | G5: No (only if patient reports it) | H5: all | I5: Cutaneous | J5: not graded | K5: supporting | L5: No | M5: Direct | N5: p.16 recognition symptoms
A6: early_reaction | B6: SYM-005 | C6: tingling/itching of lips or extremities | D6: allowed | E6: subjective | F6: Yes (full sentences) | G6: No (only if patient reports it) | H6: all | I6: Cutaneous | J6: 1 | K6: supporting | L6: No | M6: Direct | N6: Table 7 grade 1 (lips); p.16 (extremities)
A7: early_reaction | B7: SYM-006 | C7: swollen lips/tongue (non-laryngeal) | D7: allowed | E7: observed | F7: not needed (observed) | G7: Yes | H7: all | I7: Cutaneous | J7: 1 | K7: skin/mucosal component | L7: No | M7: Direct | N7: Table 2; Table 7 grade 1 (angioedema, not laryngeal)
A8: early_reaction | B8: SYM-007 | C8: sneezing, runny or blocked nose | D8: allowed | E8: both | F8: Yes (full sentences) | G8: Yes | H8: all | I8: Upper respiratory | J8: 1 | K8: supporting | L8: No | M8: Direct | N8: Table 7 grade 1 (nasal symptoms)
A9: early_reaction | B9: SYM-008 | C9: itchy watery eyes | D9: allowed | E9: both | F9: Yes (full sentences) | G9: Yes | H9: all | I9: Conjunctival | J9: 1 | K9: supporting | L9: No | M9: Direct | N9: Table 7 grade 1
A10: early_reaction | B10: SYM-009 | C10: throat clearing | D10: allowed | E10: both | F10: Yes (full sentences) | G10: Yes | H10: all | I10: Upper respiratory | J10: 1 | K10: supporting | L10: No | M10: Direct | N10: Table 7 grade 1 (itchy throat)
A11: early_reaction | B11: SYM-010 | C11: cough | D11: allowed | E11: both | F11: Yes (full sentences) | G11: Yes | H11: all | I11: Upper respiratory | J11: 1 | K11: supporting | L11: No | M11: Direct | N11: Table 7 grade 1 (cough not related to bronchospasm)
A12: early_reaction | B12: SYM-011 | C12: mild wheeze or shortness of breath | D12: allowed | E12: both | F12: Yes (full sentences) | G12: Yes | H12: all | I12: Lower respiratory | J12: 3 | K12: qualifier: respiratory compromise | L12: No | M12: Direct | N12: Table 2 (a); Table 7 grade 3 (mild bronchospasm, responds to treatment)
A13: early_reaction | B13: SYM-012 | C13: nausea | D13: allowed | E13: subjective | F13: Yes (full sentences) | G13: No (only if patient reports it) | H13: all | I13: Gastrointestinal | J13: 1 | K13: supporting | L13: No | M13: Direct | N13: Table 7 grade 1 (other)
... A16: early_reaction | B16: SYM-015 | C16: vomiting or diarrhea | D16: allowed | E16: both | F16: Yes (full sentences) | G16: Yes | H16: all | I16: Gastrointestinal | J16: 3 | K16: qualifier: severe GI (only if repetitive) | L16: No | M16: Direct | N16: Table 2 (c); Table 7 grade 3
A17: early_reaction | B17: SYM-016 | C17: uterine cramps (female patients) | D17: allowed | E17: subjective | F17: Yes (full sentences) | G17: No (only if patient reports it) | H17: female patients only | I17: Other | J17: 3 | K17: supporting | L17: No | M17: Direct | N17: Table 7 p.13 (grade 3, 'Other') | O17: Use only for female patients.
A18: early_reaction | B18: SYM-017 | C18: dizziness | D18: allowed | E18: subjective | F18: Yes (full sentences) | G18: No (only if patient reports it) | H18: all | I18: Neurological/CV | J18: not graded | K18: supporting | L18: No | M18: Direct | N18: p.16 recognition symptoms
A19: early_reaction | B19: SYM-018 | C19: stridor | D19: forbidden | E19: observed | H19: all | I19: Upper airway | J19: 4 | M19: Direct | N19: Table 2; Table 7 grade 4 (laryngeal edema with stridor)
A20: early_reaction | B20: SYM-019 | C20: hoarse/changed voice | D20: forbidden | E20: both | H20: all | I20: Upper airway | J20: not graded | M20: Direct | N20: Table 2 footnote c (vocal changes)
A21: early_reaction | B21: SYM-020 | C21: painful swallowing | D21: forbidden | E21: subjective | H21: all | I21: Upper airway | J21: not graded | M21: Direct | N21: Table 2 footnote c (odynophagia)
A22: early_reaction | B22: SYM-021 | C22: throat or tongue tightness | D22: forbidden | E22: subjective | H22: all | I22: Upper airway | J22: not graded | M22: Derived | N22: Patient-language rendering of laryngeal involvement (F-08)
A23: early_reaction | B23: SYM-022 | C23: marked shortness of breath | D23: forbidden | E23: both | H23: all | I23: Lower respiratory | J23: 4 | M23: Derived | N23: Patient-language rendering of severe bronchospasm, Table 7 grade 4 (F-08)
A24: early_reaction | B24: SYM-023 | C24: wheeze not improving with treatment | D24: forbidden | E24: observed | H24: all | I24: Lower respiratory | J24: 4 | M24: Direct | N24: Table 7 grade 4 (not responding or worsening)
A25: early_reaction | B25: SYM-024 | C25: drooling (paediatric variant) | D25: forbidden | E25: observed | H25: paediatric variant only | I25: Upper airway | J25: not graded | M25: Direct | N25: p.17: drooling may apply in paediatric setting
A26: early_reaction | B26: SYM-025 | C26: collapse/limpness (hypotonia) | D26: forbidden | E26: observed | H26: all | I26: Cardiovascular | J26: 5 | M26: Direct | N26: Table 2 (b); Table 7 grade 5
A27: early_reaction | B27: SYM-026 | C27: fainting (syncope) | D27: forbidden | E27: observed | H27: all | I27: Cardiovascular | J27: not graded | M27: Direct | N27: Table 2 (b)
A28: early_reaction | B28: SYM-027 | C28: loss of consciousness | D28: forbidden | E28: observed | H28: all | I28: Neurological | J28: 5 | M28: Direct | N28: Table 7 grade 5 (vasovagal excluded)
A29: early_reaction | B29: SYM-028 | C29: incontinence | D29: forbidden | E29: observed | H29: all | I29: Other | J29: not graded | M29: Direct | N29: Table 2 (b)
A30: early_reaction | B30: SYM-029 | C30: respiratory failure | D30: forbidden | E30: observed | H30: all | I30: Lower respiratory | J30: 5 | M30: Direct | N30: Table 7 grade 5
A31: early_reaction | B31: SYM-030 | C31: hypotension (vital sign, not patient-spoken) | D31: forbidden | E31: measured | H31: all | I31: Cardiovascular | J31: 5 | M31: Direct | N31: Table 2 footnote a; Table 7 grade 5
A32: airway_compromise | B32: SYM-001 | C32: itchy skin | D32: allowed | E32: subjective | F32: Limited (short phrases) | G32: No (only if patient reports it) | H32: all | I32: Cutaneous | J32: 1 | K32: skin/mucosal component | L32: early_reaction | M32: Direct | N32: Table 2 (pruritus); Table 7 grade 1
A33: airway_compromise | B33: SYM-002 | C33: hives | D33: allowed | E33: observed | F33: not needed (observed) | G33: Yes | H33: all | I33: Cutaneous | J33: 1 | K33: skin/mucosal component | L33: early_reaction | M33: Direct | N33: Table 2; Table 7 grade 1 (urticaria)
A34: airway_compromise | B34: SYM-003 | C34: flushing | D34: allowed | E34: observed | F34: not needed (observed) | G34: Yes | H34: all | I34: Cutaneous | J34: 1 | K34: skin/mucosal component | L34: early_reaction | M34: Direct | N34: Table 2; Table 7 grade 1 (erythema-warmth)
A35: airway_compromise | B35: SYM-004 | C35: sense of heat | D35: allowed | E35: subjective | F35: Limited (short phrases) | G35: No (only if patient reports it) | H35: all | I35: Cutaneous | J35: not graded | K35: supporting | L35: early_reaction | M35: Direct | N35: p.16 recognition symptoms
A36: airway_compromise | B36: SYM-005 | C36: tingling/itching of lips or extremities | D36: allowed | E36: subjective | F36: Limited (short phrases) | G36: No (only if patient reports it) | H36: all | I36: Cutaneous | J36: 1 | K36: supporting | L36: early_reaction | M36: Direct | N36: Table 7 grade 1 (lips); p.16 (extremities)
A37: airway_compromise | B37: SYM-006 | C37: swollen lips/tongue (non-laryngeal) | D37: allowed | E37: observed | F37: not needed (observed) | G37: Yes | H37: all | I37: Cutaneous | J37: 1 | K37: skin/mucosal component | L37: early_reaction | M37: Direct | N37: Table 2; Table 7 grade 1 (angioedema, not laryngeal)
A38: airway_compromise | B38: SYM-007 | C38: sneezing, runny or blocked nose | D38: allowed | E38: both | F38: Limited (short phrases) | G38: Yes | H38: all | I38: Upper respiratory | J38: 1 | K38: supporting | L38: early_reaction | M38: Direct | N38: Table 7 grade 1 (nasal symptoms)
A39: airway_compromise | B39: SYM-008 | C39: itchy watery eyes | D39: allowed | E39: both | F39: Limited (short phrases) | G39: Yes | H39: all | I39: Conjunctival | J39: 1 | K39: supporting | L39: early_reaction | M39: Direct | N39: Table 7 grade 1
A40: airway_compromise | B40: SYM-009 | C40: throat clearing | D40: allowed | E40: both | F40: Limited (short phrases) | G40: Yes | H40: all | I40: Upper respiratory | J40: 1 | K40: supporting | L40: early_reaction | M40: Direct | N40: Table 7 grade 1 (itchy throat)
A41: airway_compromise | B41: SYM-010 | C41: cough | D41: allowed | E41: both | F41: Limited (short phrases) | G41: Yes | H41: all | I41: Upper respiratory | J41: 1 | K41: supporting | L41: early_reaction | M41: Direct | N41: Table 7 grade 1 (cough not related to bronchospasm)
A42: airway_compromise | B42: SYM-011 | C42: mild wheeze or shortness of breath | D42: superseded | E42: both | H42: all | I42: Lower respiratory | J42: 3 | M42: Direct | N42: Table 2 (a); Table 7 grade 3 (mild bronchospasm, responds to treatment) | O42: Same organ (lower airway) as SYM-022 / SYM-023: grade 3 'responds to treatment' is replaced by grade 4 'not responding'. Do not mention mild wheeze here (F-13).
A43: airway_compromise | B43: SYM-012 | C43: nausea | D43: allowed | E43: subjective | F43: Limited (short phrases) | G43: No (only if patient reports it) | H43: all | I43: Gastrointestinal | J43: 1 | K43: supporting | L43: early_reaction | M43: Direct | N43: Table 7 grade 1 (other)
A44: airway_compromise | B44: SYM-013 | C44: metallic taste | D44: allowed | E44: subjective | F44: Limited (short phrases) | G44: No (only if patient reports it) | H44: all | I44: Gastrointestinal | J44: 1 | K44: supporting | L44: early_reaction | M44: Direct | N44: Table 7 grade 1 (other)
A45: airway_compromise | B45: SYM-014 | C45: abdominal cramps | D45: allowed | E45: subjective | F45: Limited (short phrases) | G45: No (only if patient reports it) | H45: all | I45: Gastrointestinal | J45: 3 | K45: qualifier: severe GI (only if severe) | L45: early_reaction | M45: Direct | N45: Table 2 (c); Table 7 grade 3
A46: airway_compromise | B46: SYM-015 | C46: vomiting or diarrhea | D46: allowed | E46: both | F46: Limited (short phrases) | G46: Yes | H46: all | I46: Gastrointestinal | J46: 3 | K46: qualifier: severe GI (only if repetitive) | L46: early_reaction | M46: Direct | N46: Table 2 (c); Table 7 grade 3
A47: airway_compromise | B47: SYM-016 | C47: uterine cramps (female patients) | D47: allowed | E47: subjective | F47: Limited (short phrases) | G47: No (only if patient reports it) | H47: female patients only | I47: Other | J47: 3 | K47: supporting | L47: early_reaction | M47: Direct | N47: Table 7 p.13 (grade 3, 'Other') | O47: Use only for female patients.
A48: airway_compromise | B48: SYM-017 | C48: dizziness | D48: allowed | E48: subjective | F48: Limited (short phrases) | G48: No (only if patient reports it) | H48: all | I48: Neurological/CV | J48: not graded | K48: supporting | L48: early_reaction | M48: Direct | N48: p.16 recognition symptoms
A49: airway_compromise | B49: SYM-018 | C49: stridor | D49: allowed | E49: observed | F49: not needed (observed) | G49: Yes | H49: all | I49: Upper airway | J49: 4 | K49: qualifier: respiratory compromise | L49: No | M49: Direct | N49: Table 2; Table 7 grade 4 (laryngeal edema with stridor)
A50: airway_compromise | B50: SYM-019 | C50: hoarse/changed voice | D50: allowed | E50: both | F50: Limited (short phrases) | G50: Yes | H50: all | I50: Upper airway | J50: not graded | K50: qualifier: laryngeal involvement | L50: No | M50: Direct | N50: Table 2 footnote c (vocal changes)
A51: airway_compromise | B51: SYM-020 | C51: painful swallowing | D51: allowed | E51: subjective | F51: Limited (short phrases) | G51: No (only if patient reports it) | H51: all | I51: Upper airway | J51: not graded | K51: qualifier: laryngeal involvement | L51: No | M51: Direct | N51: Table 2 footnote c (odynophagia)
A52: airway_compromise | B52: SYM-021 | C52: throat or tongue tightness | D52: allowed | E52: subjective | F52: Limited (short phrases) | G52: No (only if patient reports it) | H52: all | I52: Upper airway | J52: not graded | K52: supporting | L52: No | M52: Derived | N52: Patient-language rendering of laryngeal involvement (F-08)
A53: airway_compromise | B53: SYM-022 | C53: marked shortness of breath | D53: allowed | E53: both | F53: Limited (short phrases) | G53: Yes | H53: all | I53: Lower respiratory | J53: 4 | K53: qualifier: respiratory compromise | L53: No | M53: Derived | N53: Patient-language rendering of severe bronchospasm, Table 7 grade 4 (F-08)
A54: airway_compromise | B54: SYM-023 | C54: wheeze not improving with treatment | D54: allowed | E54: observed | F54: not needed (observed) | G54: Yes | H54: all | I54: Lower respiratory | J54: 4 | K54: qualifier: respiratory compromise | L54: No | M54: Direct | N54: Table 7 grade 4 (not responding or worsening)
A55: airway_compromise | B55: SYM-024 | C55: drooling (paediatric variant) | D55: allowed | E55: observed | F55: not needed (observed) | G55: Yes | H55: paediatric variant only | I55: Upper airway | J55: not graded | K55: supporting | L55: No | M55: Direct | N55: p.17: drooling may apply in paediatric setting | O55: Use only in a paediatric variant (WAO p.17).
A56: airway_compromise | B56: SYM-025 | C56: collapse/limpness (hypotonia) | D56: forbidden | E56: observed | H56: all | I56: Cardiovascular | J56: 5 | M56: Direct | N56: Table 2 (b); Table 7 grade 5
A57: airway_compromise | B57: SYM-026 | C57: fainting (syncope) | D57: forbidden | E57: observed | H57: all | I57: Cardiovascular | J57: not graded | M57: Direct | N57: Table 2 (b)
A58: airway_compromise | B58: SYM-027 | C58: loss of consciousness | D58: forbidden | E58: observed | H58: all | I58: Neurological | J58: 5 | M58: Direct | N58: Table 7 grade 5 (vasovagal excluded)
A59: airway_compromise | B59: SYM-028 | C59: incontinence | D59: forbidden | E59: observed | H59: all | I59: Other | J59: not graded | M59: Direct | N59: Table 2 (b)
A60: airway_compromise | B60: SYM-029 | C60: respiratory failure | D60: forbidden | E60: observed | H60: all | I60: Lower respiratory | J60: 5 | M60: Direct | N60: Table 7 grade 5
A61: airway_compromise | B61: SYM-030 | C61: hypotension (vital sign, not patient-spoken) | D61: forbidden | E61: measured | H61: all | I61: Cardiovascular | J61: 5 | M61: Direct | N61: Table 2 footnote a; Table 7 grade 5
A62: cardiovascular_collapse | B62: SYM-001 | C62: itchy skin | D62: allowed | E62: subjective | F62: Conscious variant only (whisper / single words) | G62: No (only if patient reports it) | H62: all | I62: Cutaneous | J62: 1 | K62: skin/mucosal component | L62: early_reaction | M62: Direct | N62: Table 2 (pruritus); Table 7 grade 1
A63: cardiovascular_collapse | B63: SYM-002 | C63: hives | D63: allowed | E63: observed | F63: not needed (observed) | G63: Yes | H63: all | I63: Cutaneous | J63: 1 | K63: skin/mucosal component | L63: early_reaction | M63: Direct | N63: Table 2; Table 7 grade 1 (urticaria)
A64: cardiovascular_collapse | B64: SYM-003 | C64: flushing | D64: allowed | E64: observed | F64: not needed (observed) | G64: Yes | H64: all | I64: Cutaneous | J64: 1 | K64: skin/mucosal component | L64: early_reaction | M64: Direct | N64: Table 2; Table 7 grade 1 (erythema-warmth)
A65: cardiovascular_collapse | B65: SYM-004 | C65: sense of heat | D65: allowed | E65: subjective | F65: Conscious variant only (whisper / single words) | G65: No (only if patient reports it) | H65: all | I65: Cutaneous | J65: not graded | K65: supporting | L65: early_reaction | M65: Direct | N65: p.16 recognition symptoms
A66: cardiovascular_collapse | B66: SYM-005 | C66: tingling/itching of lips or extremities | D66: allowed | E66: subjective | F66: Conscious variant only (whisper / single words) | G66: No (only if patient reports it) | H66: all | I66: Cutaneous | J66: 1 | K66: supporting | L66: early_reaction | M66: Direct | N66: Table 7 grade 1 (lips); p.16 (extremities)
A67: cardiovascular_collapse | B67: SYM-006 | C67: swollen lips/tongue (non-laryngeal) | D67: allowed | E67: observed | F67: not needed (observed) | G67: Yes | H67: all | I67: Cutaneous | J67: 1 | K67: skin/mucosal component | L67: early_reaction | M67: Direct | N67: Table 2; Table 7 grade 1 (angioedema, not laryngeal)
A68: cardiovascular_collapse | B68: SYM-007 | C68: sneezing, runny or blocked nose | D68: allowed | E68: both | F68: Conscious variant only (whisper / single words) | G68: Yes | H68: all | I68: Upper respiratory | J68: 1 | K68: supporting | L68: early_reaction | M68: Direct | N68: Table 7 grade 1 (nasal symptoms)
A69: cardiovascular_collapse | B69: SYM-008 | C69: itchy watery eyes | D69: allowed | E69: both | F69: Conscious variant only (whisper / single words) | G69: Yes | H69: all | I69: Conjunctival | J69: 1 | K69: supporting | L69: early_reaction | M69: Direct | N69: Table 7 grade 1
A70: cardiovascular_collapse | B70: SYM-009 | C70: throat clearing | D70: allowed | E70: both | F70: Conscious variant only (whisper / single words) | G70: Yes | H70: all | I70: Upper respiratory | J70: 1 | K70: supporting | L70: early_reaction | M70: Direct | N70: Table 7 grade 1 (itchy throat)
A71: cardiovascular_collapse | B71: SYM-010 | C71: cough | D71: allowed | E71: both | F71: Conscious variant only (whisper / single words) | G71: Yes | H71: all | I71: Upper respiratory | J71: 1 | K71: supporting | L71: early_reaction | M71: Direct | N71: Table 7 grade 1 (cough not related to bronchospasm)
A72: cardiovascular_collapse | B72: SYM-011 | C72: mild wheeze or shortness of breath | D72: superseded | E72: both | H72: all | I72: Lower respiratory | J72: 3 | M72: Direct | N72: Table 2 (a); Table 7 grade 3 (mild bronchospasm, responds to treatment) | O72: Same organ (lower airway) as SYM-022 / SYM-023: grade 3 'responds to treatment' is replaced by grade 4 'not responding'. Do not mention mild wheeze here (F-13).
A73: cardiovascular_collapse | B73: SYM-012 | C73: nausea | D73: allowed | E73: subjective | F73: Conscious variant only (whisper / single words) | G73: No (only if patient reports it) | H73: all | I73: Gastrointestinal | J73: 1 | K73: supporting | L73: early_reaction | M73: Direct | N73: Table 7 grade 1 (other)
A74: cardiovascular_collapse | B74: SYM-013 | C74: metallic taste | D74: allowed | E74: subjective | F74: Conscious variant only (whisper / single words) | G74: No (only if patient reports it) | H74: all | I74: Gastrointestinal | J74: 1 | K74: supporting | L74: early_reaction | M74: Direct | N74: Table 7 grade 1 (other)
A75: cardiovascular_collapse | B75: SYM-014 | C75: abdominal cramps | D75: allowed | E75: subjective | F75: Conscious variant only (whisper / single words) | G75: No (only if patient reports it) | H75: all | I75: Gastrointestinal | J75: 3 | K75: qualifier: severe GI (only if severe) | L75: early_reaction | M75: Direct | N75: Table 2 (c); Table 7 grade 3
A76: cardiovascular_collapse | B76: SYM-015 | C76: vomiting or diarrhea | D76: allowed | E76: both | F76: Conscious variant only (whisper / single words) | G76: Yes | H76: all | I76: Gastrointestinal | J76: 3 | K76: qualifier: severe GI (only if repetitive) | L76: early_reaction | M76: Direct | N76: Table 2 (c); Table 7 grade 3
A77: cardiovascular_collapse | B77: SYM-016 | C77: uterine cramps (female patients) | D77: allowed | E77: subjective | F77: Conscious variant only (whisper / single words) | G77: No (only if patient reports it) | H77: female patients only | I77: Other | J77: 3 | K77: supporting | L77: early_reaction | M77: Direct | N77: Table 7 p.13 (grade 3, 'Other') | O77: Use only for female patients.
A78: cardiovascular_collapse | B78: SYM-017 | C78: dizziness | D78: allowed | E78: subjective | F78: Conscious variant only (whisper / single words) | G78: No (only if patient reports it) | H78: all | I78: Neurological/CV | J78: not graded | K78: supporting | L78: early_reaction | M78: Direct | N78: p.16 recognition symptoms
A79: cardiovascular_collapse | B79: SYM-018 | C79: stridor | D79: allowed | E79: observed | F79: not needed (observed) | G79: Yes | H79: all | I79: Upper airway | J79: 4 | K79: qualifier: respiratory compromise | L79: airway_compromise | M79: Direct | N79: Table 2; Table 7 grade 4 (laryngeal edema with stridor)
A80: cardiovascular_collapse | B80: SYM-019 | C80: hoarse/changed voice | D80: allowed | E80: both | F80: Conscious variant only (whisper / single words) | G80: Yes | H80: all | I80: Upper airway | J80: not graded | K80: qualifier: laryngeal involvement | L80: airway_compromise | M80: Direct | N80: Table 2 footnote c (vocal changes)
A81: cardiovascular_collapse | B81: SYM-020 | C81: painful swallowing | D81: allowed | E81: subjective | F81: Conscious variant only (whisper / single words) | G81: No (only if patient reports it) | H81: all | I81: Upper airway | J81: not graded | K81: qualifier: laryngeal involvement | L81: airway_compromise | M81: Direct | N81: Table 2 footnote c (odynophagia)
A82: cardiovascular_collapse | B82: SYM-021 | C82: throat or tongue tightness | D82: allowed | E82: subjective | F82: Conscious variant only (whisper / single words) | G82: No (only if patient reports it) | H82: all | I82: Upper airway | J82: not graded | K82: supporting | L82: airway_compromise | M82: Derived | N82: Patient-language rendering of laryngeal involvement (F-08)
A83: cardiovascular_collapse | B83: SYM-022 | C83: marked shortness of breath | D83: allowed | E83: both | F83: Conscious variant only (whisper / single words) | G83: Yes | H83: all | I83: Lower respiratory | J83: 4 | K83: qualifier: respiratory compromise | L83: airway_compromise | M83: Derived | N83: Patient-language rendering of severe bronchospasm, Table 7 grade 4 (F-08)
A84: cardiovascular_collapse | B84: SYM-023 | C84: wheeze not improving with treatment | D84: allowed | E84: observed | F84: not needed (observed) | G84: Yes | H84: all | I84: Lower respiratory | J84: 4 | K84: qualifier: respiratory compromise | L84: airway_compromise | M84: Direct | N84: Table 7 grade 4 (not responding or worsening)
A85: cardiovascular_collapse | B85: SYM-024 | C85: drooling (paediatric variant) | D85: allowed | E85: observed | F85: not needed (observed) | G85: Yes | H85: paediatric variant only | I85: Upper airway | J85: not graded | K85: supporting | L85: airway_compromise | M85: Direct | N85: p.17: drooling may apply in paediatric setting | O85: Use only in a paediatric variant (WAO p.17).
A86: cardiovascular_collapse | B86: SYM-025 | C86: collapse/limpness (hypotonia) | D86: allowed | E86: observed | F86: not needed (observed) | G86: Yes | H86: all | I86: Cardiovascular | J86: 5 | K86: qualifier: reduced BP / end-organ | L86: No | M86: Direct | N86: Table 2 (b); Table 7 grade 5
A87: cardiovascular_collapse | B87: SYM-026 | C87: fainting (syncope) | D87: allowed | E87: observed | F87: not needed (observed) | G87: Yes | H87: all | I87: Cardiovascular | J87: not graded | K87: qualifier: reduced BP / end-organ | L87: No | M87: Direct | N87: Table 2 (b)
A88: cardiovascular_collapse | B88: SYM-027 | C88: loss of consciousness | D88: allowed | E88: observed | F88: not needed (observed) | G88: Yes | H88: all | I88: Neurological | J88: 5 | K88: qualifier: reduced BP / end-organ | L88: No | M88: Direct | N88: Table 7 grade 5 (vasovagal excluded)
A89: cardiovascular_collapse | B89: SYM-028 | C89: incontinence | D89: allowed | E89: observed | F89: not needed (observed) | G89: Yes | H89: all | I89: Other | J89: not graded | K89: qualifier: reduced BP / end-organ | L89: No | M89: Direct | N89: Table 2 (b)
A90: cardiovascular_collapse | B90: SYM-029 | C90: respiratory failure | D90: allowed | E90: observed | F90: not needed (observed) | G90: Yes | H90: all | I90: Lower respiratory | J90: 5 | K90: qualifier: respiratory compromise | L90: No | M90: Direct | N90: Table 7 grade 5
A91: cardiovascular_collapse | B91: SYM-030 | C91: hypotension (vital sign, not patient-spoken) | D91: allowed | E91: measured | F91: not needed (measured) | G91: Yes (monitor) | H91: all | I91: Cardiovascular | J91: 5 | K91: qualifier: reduced BP / end-organ | L91: No | M91: Direct | N91: Table 2 footnote a; Table 7 grade 5 | O91: Measured value; the patient never says it. Compute with Calculators (baseline SBP needed).

Sheet Symptom_Master
A1: symptom_id | B1: symptom | C1: organ_system | D1: wao_table7_grade | E1: criterion1_role | F1: first_state | G1: modality | H1: applies_to | I1: superseded_by | J1: evidence_level | K1: modality_evidence | L1: source | M1: note
A2: SYM-001 | B2: itchy skin | C2: Cutaneous | D2: 1 | E2: skin/mucosal component | F2: early_reaction | G2: subjective | H2: all | J2: Direct | K2: Derived: clinical convention (F-12) | L2: Table 2 (pruritus); Table 7 grade 1
A3: SYM-002 | B3: hives | C3: Cutaneous | D3: 1 | E3: skin/mucosal component | F3: early_reaction | G3: observed | H3: all | J3: Direct | K3: Derived: clinical convention (F-12) | L3: Table 2; Table 7 grade 1 (urticaria)
A4: SYM-003 | B4: flushing | C4: Cutaneous | D4: 1 | E4: skin/mucosal component | F4: early_reaction | G4: observed | H4: all | J4: Direct | K4: Derived: clinical convention (F-12) | L4: Table 2; Table 7 grade 1 (erythema-warmth)
A5: SYM-004 | B5: sense of heat | C5: Cutaneous | D5: not graded | E5: supporting | F5: early_reaction | G5: subjective | H5: all | J5: Direct | K5: Derived: clinical convention (F-12) | L5: p.16 recognition symptoms
A6: SYM-005 | B6: tingling/itching of lips or extremities | C6: Cutaneous | D6: 1 | E6: supporting | F6: early_reaction | G6: subjective | H6: all | J6: Direct | K6: Derived: clinical convention (F-12) | L6: Table 7 grade 1 (lips); p.16 (extremities)
A7: SYM-006 | B7: swollen lips/tongue (non-laryngeal) | C7: Cutaneous | D7: 1 | E7: skin/mucosal component | F7: early_reaction | G7: observed | H7: all | J7: Direct | K7: Derived: clinical convention (F-12) | L7: Table 2; Table 7 grade 1 (angioedema, not laryngeal)
A8: SYM-007 | B8: sneezing, runny or blocked nose | C8: Upper respiratory | D8: 1 | E8: supporting | F8: early_reaction | G8: both | H8: all | J8: Direct | K8: Derived: clinical convention (F-12) | L8: Table 7 grade 1 (nasal symptoms)
A9: SYM-008 | B9: itchy watery eyes | C9: Conjunctival | D9: 1 | E9: supporting | F9: early_reaction | G9: both | H9: all | J9: Direct | K9: Derived: clinical convention (F-12) | L9: Table 7 grade 1
A10: SYM-009 | B10: throat clearing | C10: Upper respiratory | D10: 1 | E10: supporting | F10: early_reaction | G10: both | H10: all | J10: Direct | K10: Derived: clinical convention (F-12) | L10: Table 7 grade 1 (itchy throat)
A11: SYM-010 | B11: cough | C11: Upper respiratory | D11: 1 | E11: supporting | F11: early_reaction | G11: both | H11: all | J11: Direct | K11: Derived: clinical convention (F-12) | L11: Table 7 grade 1 (cough not related to bronchospasm)
A12: SYM-011 | B12: mild wheeze or shortness of breath | C12: Lower respiratory | D12: 3 | E12: qualifier: respiratory compromise | F12: early_reaction | G12: both | H12: all | I12: SYM-022 (marked shortness of breath); SYM-023 (wheeze not improving with treatment) | J12: Direct | K12: Derived: clinical convention (F-12) | L12: Table 2 (a); Table 7 grade 3 (mild bronchospasm, responds to treatment)
A13: SYM-012 | B13: nausea | C13: Gastrointestinal | D13: 1 | E13: supporting | F13: early_reaction | G13: subjective | H13: all | J13: Direct | K13: Derived: clinical convention (F-12) | L13: Table 7 grade 1 (other)
A14: SYM-013 | B14: metallic taste | C14: Gastrointestinal | D14: 1 | E14: supporting | F14: early_reaction | G14: subjective | H14: all | J14: Direct | K14: Derived: clinical convention (F-12) | L14: Table 7 grade 1 (other)
A15: SYM-014 | B15: abdominal cramps | C15: Gastrointestinal | D15: 3 | E15: qualifier: severe GI (only if severe) | F15: early_reaction | G15: subjective | H15: all | J15: Direct | K15: Derived: clinical convention (F-12) | L15: Table 2 (c); Table 7 grade 3
A16: SYM-015 | B16: vomiting or diarrhea | C16: Gastrointestinal | D16: 3 | E16: qualifier: severe GI (only if repetitive) | F16: early_reaction | G16: both | H16: all | J16: Direct | K16: Derived: clinical convention (F-12) | L16: Table 2 (c); Table 7 grade 3
A17: SYM-016 | B17: uterine cramps (female patients) | C17: Other | D17: 3 | E17: supporting | F17: early_reaction | G17: subjective | H17: female patients only | J17: Direct | K17: Derived: clinical convention (F-12) | L17: Table 7 p.13 (grade 3, 'Other')
A18: SYM-017 | B18: dizziness | C18: Neurological/CV | D18: not graded | E18: supporting | F18: early_reaction | G18: subjective | H18: all | J18: Direct | K18: Derived: clinical convention (F-12) | L18: p.16 recognition symptoms
A19: SYM-018 | B19: stridor | C19: Upper airway | D19: 4 | E19: qualifier: respiratory compromise | F19: airway_compromise | G19: observed | H19: all | J19: Direct | K19: Derived: clinical convention (F-12) | L19: Table 2; Table 7 grade 4 (laryngeal edema with stridor)
A20: SYM-019 | B20: hoarse/changed voice | C20: Upper airway | D20: not graded | E20: qualifier: laryngeal involvement | F20: airway_compromise | G20: both | H20: all | J20: Direct | K20: Derived: clinical convention (F-12) | L20: Table 2 footnote c (vocal changes)
A21: SYM-020 | B21: painful swallowing | C21: Upper airway | D21: not graded | E21: qualifier: laryngeal involvement | F21: airway_compromise | G21: subjective | H21: all | J21: Direct | K21: Derived: clinical convention (F-12) | L21: Table 2 footnote c (odynophagia)
A22: SYM-021 | B22: throat or tongue tightness | C22: Upper airway | D22: not graded | E22: supporting | F22: airway_compromise | G22: subjective | H22: all | J22: Derived | K22: Derived: clinical convention (F-12) | L22: Patient-language rendering of laryngeal involvement (F-08)
A23: SYM-022 | B23: marked shortness of breath | C23: Lower respiratory | D23: 4 | E23: qualifier: respiratory compromise | F23: airway_compromise | G23: both | H23: all | J23: Derived | K23: Derived: clinical convention (F-12) | L23: Patient-language rendering of severe bronchospasm, Table 7 grade 4 (F-08)
A24: SYM-023 | B24: wheeze not improving with treatment | C24: Lower respiratory | D24: 4 | E24: qualifier: respiratory compromise | F24: airway_compromise | G24: observed | H24: all | J24: Direct | K24: Derived: clinical convention (F-12) | L24: Table 7 grade 4 (not responding or worsening)
A25: SYM-024 | B25: drooling (paediatric variant) | C25: Upper airway | D25: not graded | E25: supporting | F25: airway_compromise | G25: observed | H25: paediatric variant only | J25: Direct | K25: Derived: clinical convention (F-12) | L25: p.17: drooling may apply in paediatric setting
A26: SYM-025 | B26: collapse/limpness (hypotonia) | C26: Cardiovascular | D26: 5 | E26: qualifier: reduced BP / end-organ | F26: cardiovascular_collapse | G26: observed | H26: all | J26: Direct | K26: Derived: clinical convention (F-12) | L26: Table 2 (b); Table 7 grade 5
A27: SYM-026 | B27: fainting (syncope) | C27: Cardiovascular | D27: not graded | E27: qualifier: reduced BP / end-organ | F27: cardiovascular_collapse | G27: observed | H27: all | J27: Direct | K27: Derived: clinical convention (F-12) | L27: Table 2 (b)
A28: SYM-027 | B28: loss of consciousness | C28: Neurological | D28: 5 | E28: qualifier: reduced BP / end-organ | F28: cardiovascular_collapse | G28: observed | H28: all | J28: Direct | K28: Derived: clinical convention (F-12) | L28: Table 7 grade 5 (vasovagal excluded)
A29: SYM-028 | B29: incontinence | C29: Other | D29: not graded | E29: qualifier: reduced BP / end-organ | F29: cardiovascular_collapse | G29: observed | H29: all | J29: Direct | K29: Derived: clinical convention (F-12) | L29: Table 2 (b)
... A31: SYM-030 | B31: hypotension (vital sign, not patient-spoken) | C31: Cardiovascular | D31: 5 | E31: qualifier: reduced BP / end-organ | F31: cardiovascular_collapse | G31: measured | H31: all | J31: Direct | K31: Derived: clinical convention (F-12) | L31: Table 2 footnote a; Table 7 grade 5
A32: SYM-031 | B32: cyanosis | C32: Lower respiratory | D32: not graded | E32: supporting | F32: airway_compromise | G32: observed | H32: all | J32: Derived | K32: Derived: not in WAO; added from RCUK/EAACI (F-18) | L32: RCUK p.21, Fig. 6 p.25 (central cyanosis); EAACI Fig. 1 p.364 | M32: Added per F-18 resolution (25 Sep 2026)
A33: SYM-032 | B33: increased work of breathing | C33: Lower respiratory | D33: not graded | E33: supporting | F33: airway_compromise | G33: observed | H33: all | J33: Derived | K33: Derived: not in WAO; added from RCUK/EAACI (F-18) | L33: RCUK p.21, Fig. 6 p.25 (increased work of breathing, fatigue) | M33: Added per F-18 resolution (25 Sep 2026)
A34: SYM-033 | B34: pale, clammy skin | C34: Cardiovascular | D34: not graded | E34: supporting | F34: cardiovascular_collapse | G34: observed | H34: all | J34: Derived | K34: Derived: not in WAO; added from RCUK/EAACI (F-18) | L34: RCUK p.21, Fig. 6 p.25 (pale, clammy skin); EAACI Fig. 1 p.364 | M34: Added per F-18 resolution (25 Sep 2026)
A35: SYM-034 | B35: tachycardia | C35: Cardiovascular | D35: not graded | E35: supporting | F35: cardiovascular_collapse | G35: measured | H35: all | J35: Derived | K35: Derived: not in WAO; added from RCUK/EAACI (F-18) | L35: RCUK p.21, Fig. 6 p.25 (significant tachycardia); EAACI Fig. 1 p.364 | M35: Added per F-18 resolution (25 Sep 2026)

Sheet State_Communication
A1: state_id | B1: variant | C1: consciousness | D1: can_speak | E1: speech_pattern | F1: basis | G1: evidence_level | H1: note
A2: early_reaction | B2: default | C2: Alert (grade 3 has no collapse, hypotension or loss of consciousness) | D2: Yes | E2: Full sentences | F2: Table 7 p.13: grade 3 = mild bronchospasm and/or GI; respiratory failure, collapse/hypotension and LOC start at grade 5. | G2: Derived | H2: Speech wording is a clinical-convention rendering, confirm with expert (F-11).
A3: airway_compromise | B3: default | C3: Alert (loss of consciousness is a grade 5 feature) | D3: Limited | E3: Short phrases; pauses to breathe; voice may be hoarse or changed | F3: Table 7 p.13 grade 4 (severe bronchospasm / laryngeal edema with stridor); vocal changes and painful swallowing: Table 2 footnote c p.5. 'Short phrases' is standard clinical assessment, not WAO wording. | G3: Derived | H3: Confirm with expert (F-11).
A4: cardiovascular_collapse | B4: conscious_hypotensive | C4: Conscious but collapsing (grade 5 wording is 'and/or', so collapse/hypotension can occur without loss of consciousness) | D4: Minimal | E4: Whisper or single words; cannot describe several symptoms | F4: Table 7 p.13-14 grade 5: 'respiratory failure and/or collapse/hypotension and/or loss of consciousness'. | G4: Derived | H4: Keep spoken complaints minimal and rely on observed signs and monitor values. Expert to confirm which early symptoms persist here (F-11).
A5: cardiovascular_collapse | B5: unconscious | C5: Loss of consciousness (vasovagal excluded) | D5: No | E5: No speech. Only observed signs and monitor values are available to the trainee. | F5: Table 7 p.14 grade 5. | G5: Direct | H5: Choose the collapse variant when the scenario is created (or when Brain 1 enters the state). Both variants share the same FSM state and transitions.
A6: stable | B6: default | C6: Alert | D6: Yes | E6: Full sentences; symptoms settling gradually | F6: WAO does not define a stable state. FSM doc: vitals recover over the post-epinephrine window, not instantly. | G6: Derived | H6: Terminal state.

Sheet Actions
A1: action_id | B1: action | C1: category | D1: notes | E1: source
A2: ANA-001 | B2: Remove/stop trigger if possible (e.g., stop IV drug or agent) | C2: Supportive | D2: Fig. 4 step 2 | E2: Fig. 4 p.11; p.15
A3: ANA-002 | B3: Assess airway, breathing, circulation, mental status, skin, weight | C3: Supportive | D3: Fig. 4 step 3 | E3: Fig. 4 p.11; p.15
A4: ANA-003 | B4: Call for help (resuscitation team / emergency services) | C4: Supportive | D4: Fig. 4 step 4 | E4: Fig. 4 p.11; p.15
A5: ANA-004 | B5: IM epinephrine (adrenaline), mid-anterolateral thigh | C5: Definitive | D5: 0.01 mg/kg, max 0.5 mg (child 0.3 mg per Fig. 4); repeat every 5-15 min if symptoms persist. See Epinephrine_Doses / Calculators. | E5: Fig. 4 step 5; Table 6; p.15
A6: ANA-006 | B6: Position patient (supine; comfort position if respiratory distress/vomiting) | C6: Supportive | D6: Pregnant: semi-recumbent on left side; unconscious: recovery position. Leg elevation is in Fig. 4 but called controversial in the text. | E6: Fig. 4 step 6; p.15
A7: ANA-007 | B7: High-flow oxygen, preferably 100% via non-rebreather mask | C7: Supportive | D7: RCUK: highest concentration possible via a reservoir mask, titrate to SpO2 94-98% (88-92% if at risk of hypercapnic respiratory failure). WAO Fig. 4: 6-8 L/min by face mask (comparison). EAACI: 10 L/min with a reservoir bag (comparison). | E7: RCUK 2021 p.31 (default); Fig. 4 step 7 p.11; EAACI 2021 Fig. 1 p.364
A8: ANA-008 | B8: Establish IV access with wide-bore cannula (14-16 G adult) | C8: Supportive | D8: Fig. 4 step 8 | E8: Fig. 4 p.11; p.15
A9: ANA-009 | B9: IV crystalloid fluids for cardiovascular instability | C9: Supportive | D9: Dose discrepancy in paper: 20 mL/kg (text) vs 1-2 L / 5-10 mL/kg (Fig. 4). See F-03. | E9: p.15; Fig. 4
A10: ANA-010 | B10: Monitor BP, HR, respiratory status, oxygenation, mental status | C10: Supportive | D10: Continuous monitoring if possible | E10: Fig. 4 step 10; p.16
A11: ANA-011 | B11: Inhaled short-acting beta-2 agonist (salbutamol/albuterol) | C11: Adjunct | D11: Adjunct only; never a substitute for repeat IM epinephrine | E11: p.16
A12: ANA-012 | B12: Nebulized epinephrine for upper airway obstruction | C12: Adjunct | D12: Upper airway obstruction only | E12: p.15-16
... A18: ANA-018 | B18: Take blood sample for mast cell tryptase | C18: Supportive | D18: As soon as feasible; must not delay adrenaline or other treatment. Second sample 1-2 h (no later than 4 h) after onset; baseline sample at least 24 h after resolution (see Post_Stable_Brain3 PS-07). | E18: RCUK 2021 p.36 (Fig. 7), pp.40-41; EAACI 2021 p.361

Sheet Contraindicated
A1: id | B1: action | C1: applies_in_states | D1: basis_type | E1: paper_evidence | F1: condition_note | G1: source | H1: time_penalty_seconds | I1: guideline_support (RCUK 2021 / EAACI 2021, read)
A2: C-01 | B2: IV epinephrine bolus as initial treatment | C2: early_reaction; airway_compromise; cardiovascular_collapse | D2: Explicit | E2: Bolus IV epinephrine can cause potentially fatal arrhythmias; IV route not recommended for initial treatment | F2: None | G2: p.15 | I2: RCUK pp.7, 30, 37, Appendix 3 p.57: IV adrenaline only by experienced specialists; undiluted 1:1000 must not be given IV. IV bolus is not recommended except in cardiac arrest, or by experienced specialists while an infusion is set up (p.37), so C-01 applies to non-specialist trainees. EAACI pp.362-363.
A3: C-02 | B3: Rapid IV first-generation antihistamine (e.g., chlorphenamine) | C3: airway_compromise; cardiovascular_collapse | D3: Explicit | E3: Rapid IV chlorphenamine can cause hypotension | F3: None | G3: p.16 | I3: RCUK p.32: H1-antihistamines can cause hypotension when given as a rapid IV bolus (Ellis & Brown 2013, RCUK ref. 70). No second guideline statement found in RCUK/EAACI.
A4: C-03 | B4: Using antihistamine, steroid or bronchodilator INSTEAD of (or delaying) IM epinephrine | C4: early_reaction; airway_compromise; cardiovascular_collapse | D4: Explicit (RCUK 2021); derived in WAO | E4: Bronchodilators are not an alternative to repeat IM epinephrine; antihistamines can delay urgent measures | F4: Penalise the substitution/delay, not the adjunct itself when epinephrine is also given | G4: p.16 | I4: RCUK p.32: antihistamines are not recommended in initial treatment, must not be given in preference to adrenaline, and their use often delays adrenaline. p.33: steroids must not be given preferentially to adrenaline; bronchodilators must not replace further parenteral adrenaline. p.30: nebulised adrenaline is an adjunct, not an alternative. EAACI p.365 and Fig. 1 p.364: antihistamines and steroids only after stabilisation.
A5: C-04 | B5: Letting the patient stand or sit up suddenly | C5: early_reaction; airway_compromise; cardiovascular_collapse | D5: Explicit | E5: Fatality can occur within seconds if patient stands or sits suddenly | F5: Apply only when the patient is NOT in respiratory distress (F-09) | G5: Fig. 4 step 6, p.11 | I5: RCUK pp.19, 26 and Fig. 6 p.25: fatality can occur within minutes if the patient stands, walks or sits up suddenly (WAO says seconds). EAACI p.361: avoid any abrupt change to a more upright posture. A semi-recumbent position is allowed for predominantly respiratory problems with no cardiovascular instability (RCUK pp.19, 26).

Sheet State_Actions
A1: state_id | B1: action_id | C1: action | D1: tier | E1: triggers_transition | F1: condition_note
A2: early_reaction | B2: ANA-004 | C2: =IFERROR(INDEX(Actions!$B$2:$B$60,MATCH(B2,Actions!$A$2:$A$60,0)),INDEX(Contraindicated!$B$2:$B$60,MATCH(B2,Contraindicated!$A$2:$A$60,0))) -> IM epinephrine (adrenaline), mid-anterolateral thigh | D2: correct | E2: Yes | F2: Definitive action; transition to stable
A3: early_reaction | B3: ANA-007 | C3: =IFERROR(INDEX(Actions!$B$2:$B$60,MATCH(B3,Actions!$A$2:$A$60,0)),INDEX(Contraindicated!$B$2:$B$60,MATCH(B3,Contraindicated!$A$2:$A$60,0))) -> High-flow oxygen, preferably 100% via non-rebreather mask | D3: supportive | E3: No | F3: Give to all patients as soon as available; not required for transition (RCUK p.31; EAACI p.365).
A4: early_reaction | B4: ANA-001 | C4: =IFERROR(INDEX(Actions!$B$2:$B$60,MATCH(B4,Actions!$A$2:$A$60,0)),INDEX(Contraindicated!$B$2:$B$60,MATCH(B4,Contraindicated!$A$2:$A$60,0))) -> Remove/stop trigger if possible (e.g., stop IV drug or agent) | D4: supportive | E4: No
A5: early_reaction | B5: ANA-002 | C5: =IFERROR(INDEX(Actions!$B$2:$B$60,MATCH(B5,Actions!$A$2:$A$60,0)),INDEX(Contraindicated!$B$2:$B$60,MATCH(B5,Contraindicated!$A$2:$A$60,0))) -> Assess airway, breathing, circulation, mental status, skin, weight | D5: supportive | E5: No
A6: early_reaction | B6: ANA-003 | C6: =IFERROR(INDEX(Actions!$B$2:$B$60,MATCH(B6,Actions!$A$2:$A$60,0)),INDEX(Contraindicated!$B$2:$B$60,MATCH(B6,Contraindicated!$A$2:$A$60,0))) -> Call for help (resuscitation team / emergency services) | D6: supportive | E6: No
A7: early_reaction | B7: ANA-006 | C7: =IFERROR(INDEX(Actions!$B$2:$B$60,MATCH(B7,Actions!$A$2:$A$60,0)),INDEX(Contraindicated!$B$2:$B$60,MATCH(B7,Contraindicated!$A$2:$A$60,0))) -> Position patient (supine; comfort position if respiratory distress/vomiting) | D7: supportive | E7: No
A8: early_reaction | B8: ANA-008 | C8: =IFERROR(INDEX(Actions!$B$2:$B$60,MATCH(B8,Actions!$A$2:$A$60,0)),INDEX(Contraindicated!$B$2:$B$60,MATCH(B8,Contraindicated!$A$2:$A$60,0))) -> Establish IV access with wide-bore cannula (14-16 G adult) | D8: supportive | E8: No | F8: Fig. 4 step 8 lists IV access as part of the protocol. Not needed for the transition in this state.
A9: early_reaction | B9: ANA-010 | C9: =IFERROR(INDEX(Actions!$B$2:$B$60,MATCH(B9,Actions!$A$2:$A$60,0)),INDEX(Contraindicated!$B$2:$B$60,MATCH(B9,Contraindicated!$A$2:$A$60,0))) -> Monitor BP, HR, respiratory status, oxygenation, mental status | D9: supportive | E9: No
A10: early_reaction | B10: ANA-011 | C10: =IFERROR(INDEX(Actions!$B$2:$B$60,MATCH(B10,Actions!$A$2:$A$60,0)),INDEX(Contraindicated!$B$2:$B$60,MATCH(B10,Contraindicated!$A$2:$A$60,0))) -> Inhaled short-acting beta-2 agonist (salbutamol/albuterol) | D10: supportive | E10: No | F10: Only if bronchoconstriction symptoms (mild wheeze / shortness of breath) are present. Adjunct only, never instead of epinephrine (p.16).
A11: early_reaction | B11: ANA-009 | C11: =IFERROR(INDEX(Actions!$B$2:$B$60,MATCH(B11,Actions!$A$2:$A$60,0)),INDEX(Contraindicated!$B$2:$B$60,MATCH(B11,Contraindicated!$A$2:$A$60,0))) -> IV crystalloid fluids for cardiovascular instability | D11: conditional | E11: No | F11: If hypotension/shock, or poor response to the first dose of adrenaline (RCUK p.31).
A12: early_reaction | B12: ANA-012 | C12: =IFERROR(INDEX(Actions!$B$2:$B$60,MATCH(B12,Actions!$A$2:$A$60,0)),INDEX(Contraindicated!$B$2:$B$60,MATCH(B12,Contraindicated!$A$2:$A$60,0))) -> Nebulized epinephrine for upper airway obstruction | D12: neutral | E12: No | F12: Nebulized epinephrine is for upper airway obstruction (p.15-16). None in this state.
A13: early_reaction | B13: ANA-013 | C13: =IFERROR(INDEX(Actions!$B$2:$B$60,MATCH(B13,Actions!$A$2:$A$60,0)),INDEX(Contraindicated!$B$2:$B$60,MATCH(B13,Contraindicated!$A$2:$A$60,0))) -> CPR with continuous chest compressions | D13: neutral | E13: No | F13: CPR is 'where indicated' (Fig. 4 step 9). Patient is not arrested. The PDF does not call it harmful, so it is not tiered contraindicated. Expert may reclassify (F-15).
A14: early_reaction | B14: ANA-014 | C14: =IFERROR(INDEX(Actions!$B$2:$B$60,MATCH(B14,Actions!$A$2:$A$60,0)),INDEX(Contraindicated!$B$2:$B$60,MATCH(B14,Contraindicated!$A$2:$A$60,0))) -> IV epinephrine infusion via infusion pump | D14: neutral | E14: No | F14: IV route is not recommended for initial treatment (p.15). Infusion only if refractory to IM.
A15: early_reaction | B15: ANA-015 | C15: =IFERROR(INDEX(Actions!$B$2:$B$60,MATCH(B15,Actions!$A$2:$A$60,0)),INDEX(Contraindicated!$B$2:$B$60,MATCH(B15,Contraindicated!$A$2:$A$60,0))) -> Parenteral glucagon | D15: neutral | E15: No | F15: Glucagon is for poor response to epinephrine (p.16). Response not yet assessed in this state.
A16: early_reaction | B16: ANA-016 | C16: =IFERROR(INDEX(Actions!$B$2:$B$60,MATCH(B16,Actions!$A$2:$A$60,0)),INDEX(Contraindicated!$B$2:$B$60,MATCH(B16,Contraindicated!$A$2:$A$60,0))) -> H1-antihistamine | D16: neutral | E16: No | F16: Relieves skin symptoms only; no transition
A17: early_reaction | B17: ANA-017 | C17: =IFERROR(INDEX(Actions!$B$2:$B$60,MATCH(B17,Actions!$A$2:$A$60,0)),INDEX(Contraindicated!$B$2:$B$60,MATCH(B17,Contraindicated!$A$2:$A$60,0))) -> Glucocorticoid | D17: neutral | E17: No | F17: Benefit doubtful; no transition
A18: early_reaction | B18: C-01 | C18: =IFERROR(INDEX(Actions!$B$2:$B$60,MATCH(B18,Actions!$A$2:$A$60,0)),INDEX(Contraindicated!$B$2:$B$60,MATCH(B18,Contraindicated!$A$2:$A$60,0))) -> IV epinephrine bolus as initial treatment | D18: contraindicated | E18: No
A19: early_reaction | B19: C-03 | C19: =IFERROR(INDEX(Actions!$B$2:$B$60,MATCH(B19,Actions!$A$2:$A$60,0)),INDEX(Contraindicated!$B$2:$B$60,MATCH(B19,Contraindicated!$A$2:$A$60,0))) -> Using antihistamine, steroid or bronchodilator INSTEAD of (or delaying) IM epinephrine | D19: contraindicated | E19: No
A20: early_reaction | B20: C-04 | C20: =IFERROR(INDEX(Actions!$B$2:$B$60,MATCH(B20,Actions!$A$2:$A$60,0)),INDEX(Contraindicated!$B$2:$B$60,MATCH(B20,Contraindicated!$A$2:$A$60,0))) -> Letting the patient stand or sit up suddenly | D20: contraindicated | E20: No
A21: airway_compromise | B21: ANA-004 | C21: =IFERROR(INDEX(Actions!$B$2:$B$60,MATCH(B21,Actions!$A$2:$A$60,0)),INDEX(Contraindicated!$B$2:$B$60,MATCH(B21,Contraindicated!$A$2:$A$60,0))) -> IM epinephrine (adrenaline), mid-anterolateral thigh | D21: correct | E21: Yes | F21: Give now, or repeat every 5-15 min if already given
A22: airway_compromise | B22: ANA-007 | C22: =IFERROR(INDEX(Actions!$B$2:$B$60,MATCH(B22,Actions!$A$2:$A$60,0)),INDEX(Contraindicated!$B$2:$B$60,MATCH(B22,Contraindicated!$A$2:$A$60,0))) -> High-flow oxygen, preferably 100% via non-rebreather mask | D22: supportive | E22: No | F22: Give to all patients as soon as available; not required for transition (RCUK p.31; EAACI p.365).
A23: airway_compromise | B23: ANA-014 | C23: =IFERROR(INDEX(Actions!$B$2:$B$60,MATCH(B23,Actions!$A$2:$A$60,0)),INDEX(Contraindicated!$B$2:$B$60,MATCH(B23,Contraindicated!$A$2:$A$60,0))) -> IV epinephrine infusion via infusion pump | D23: neutral | E23: No | F23: Refractory anaphylaxis, and the adrenaline infusion, begin once the patient reaches cardiovascular_collapse after two IM doses have failed (RCUK p.34, p.37); not indicated in this state.
A24: airway_compromise | B24: ANA-015 | C24: =IFERROR(INDEX(Actions!$B$2:$B$60,MATCH(B24,Actions!$A$2:$A$60,0)),INDEX(Contraindicated!$B$2:$B$60,MATCH(B24,Contraindicated!$A$2:$A$60,0))) -> Parenteral glucagon | D24: neutral | E24: No | F24: Glucagon is considered only for refractory anaphylaxis (cardiovascular_collapse state) in a patient on a beta-blocker (RCUK p.39); not indicated in this state.
A25: airway_compromise | B25: ANA-001 | C25: =IFERROR(INDEX(Actions!$B$2:$B$60,MATCH(B25,Actions!$A$2:$A$60,0)),INDEX(Contraindicated!$B$2:$B$60,MATCH(B25,Contraindicated!$A$2:$A$60,0))) -> Remove/stop trigger if possible (e.g., stop IV drug or agent) | D25: supportive | E25: No | F25: Fig. 4 step 2.
A26: airway_compromise | B26: ANA-002 | C26: =IFERROR(INDEX(Actions!$B$2:$B$60,MATCH(B26,Actions!$A$2:$A$60,0)),INDEX(Contraindicated!$B$2:$B$60,MATCH(B26,Contraindicated!$A$2:$A$60,0))) -> Assess airway, breathing, circulation, mental status, skin, weight | D26: supportive | E26: No | F26: Fig. 4 step 3.
A27: airway_compromise | B27: ANA-003 | C27: =IFERROR(INDEX(Actions!$B$2:$B$60,MATCH(B27,Actions!$A$2:$A$60,0)),INDEX(Contraindicated!$B$2:$B$60,MATCH(B27,Contraindicated!$A$2:$A$60,0))) -> Call for help (resuscitation team / emergency services) | D27: supportive | E27: No
A28: airway_compromise | B28: ANA-006 | C28: =IFERROR(INDEX(Actions!$B$2:$B$60,MATCH(B28,Actions!$A$2:$A$60,0)),INDEX(Contraindicated!$B$2:$B$60,MATCH(B28,Contraindicated!$A$2:$A$60,0))) -> Position patient (supine; comfort position if respiratory distress/vomiting) | D28: supportive | E28: No | F28: Sitting position acceptable if respiratory distress
A29: airway_compromise | B29: ANA-008 | C29: =IFERROR(INDEX(Actions!$B$2:$B$60,MATCH(B29,Actions!$A$2:$A$60,0)),INDEX(Contraindicated!$B$2:$B$60,MATCH(B29,Contraindicated!$A$2:$A$60,0))) -> Establish IV access with wide-bore cannula (14-16 G adult) | D29: supportive | E29: No
A30: airway_compromise | B30: ANA-010 | C30: =IFERROR(INDEX(Actions!$B$2:$B$60,MATCH(B30,Actions!$A$2:$A$60,0)),INDEX(Contraindicated!$B$2:$B$60,MATCH(B30,Contraindicated!$A$2:$A$60,0))) -> Monitor BP, HR, respiratory status, oxygenation, mental status | D30: supportive | E30: No | F30: Continuous monitoring
A31: airway_compromise | B31: ANA-011 | C31: =IFERROR(INDEX(Actions!$B$2:$B$60,MATCH(B31,Actions!$A$2:$A$60,0)),INDEX(Contraindicated!$B$2:$B$60,MATCH(B31,Contraindicated!$A$2:$A$60,0))) -> Inhaled short-acting beta-2 agonist (salbutamol/albuterol) | D31: supportive | E31: No | F31: Adjunct only; not a substitute for repeat epinephrine
A32: airway_compromise | B32: ANA-012 | C32: =IFERROR(INDEX(Actions!$B$2:$B$60,MATCH(B32,Actions!$A$2:$A$60,0)),INDEX(Contraindicated!$B$2:$B$60,MATCH(B32,Contraindicated!$A$2:$A$60,0))) -> Nebulized epinephrine for upper airway obstruction | D32: supportive | E32: No | F32: Upper airway obstruction only
A33: airway_compromise | B33: ANA-009 | C33: =IFERROR(INDEX(Actions!$B$2:$B$60,MATCH(B33,Actions!$A$2:$A$60,0)),INDEX(Contraindicated!$B$2:$B$60,MATCH(B33,Contraindicated!$A$2:$A$60,0))) -> IV crystalloid fluids for cardiovascular instability | D33: conditional | E33: No | F33: If hypotension/shock, or poor response to the first dose of adrenaline (RCUK p.31).
A34: airway_compromise | B34: ANA-013 | C34: =IFERROR(INDEX(Actions!$B$2:$B$60,MATCH(B34,Actions!$A$2:$A$60,0)),INDEX(Contraindicated!$B$2:$B$60,MATCH(B34,Contraindicated!$A$2:$A$60,0))) -> CPR with continuous chest compressions | D34: neutral | E34: No | F34: CPR is 'where indicated' (Fig. 4 step 9). Patient is not arrested. The PDF does not call it harmful. Expert may reclassify (F-15).
A35: airway_compromise | B35: ANA-016 | C35: =IFERROR(INDEX(Actions!$B$2:$B$60,MATCH(B35,Actions!$A$2:$A$60,0)),INDEX(Contraindicated!$B$2:$B$60,MATCH(B35,Contraindicated!$A$2:$A$60,0))) -> H1-antihistamine | D35: neutral | E35: No
A36: airway_compromise | B36: ANA-017 | C36: =IFERROR(INDEX(Actions!$B$2:$B$60,MATCH(B36,Actions!$A$2:$A$60,0)),INDEX(Contraindicated!$B$2:$B$60,MATCH(B36,Contraindicated!$A$2:$A$60,0))) -> Glucocorticoid | D36: neutral | E36: No
A37: airway_compromise | B37: C-01 | C37: =IFERROR(INDEX(Actions!$B$2:$B$60,MATCH(B37,Actions!$A$2:$A$60,0)),INDEX(Contraindicated!$B$2:$B$60,MATCH(B37,Contraindicated!$A$2:$A$60,0))) -> IV epinephrine bolus as initial treatment | D37: contraindicated | E37: No
A38: airway_compromise | B38: C-02 | C38: =IFERROR(INDEX(Actions!$B$2:$B$60,MATCH(B38,Actions!$A$2:$A$60,0)),INDEX(Contraindicated!$B$2:$B$60,MATCH(B38,Contraindicated!$A$2:$A$60,0))) -> Rapid IV first-generation antihistamine (e.g., chlorphenamine) | D38: contraindicated | E38: No
A39: airway_compromise | B39: C-03 | C39: =IFERROR(INDEX(Actions!$B$2:$B$60,MATCH(B39,Actions!$A$2:$A$60,0)),INDEX(Contraindicated!$B$2:$B$60,MATCH(B39,Contraindicated!$A$2:$A$60,0))) -> Using antihistamine, steroid or bronchodilator INSTEAD of (or delaying) IM epinephrine | D39: contraindicated | E39: No
A40: airway_compromise | B40: C-04 | C40: =IFERROR(INDEX(Actions!$B$2:$B$60,MATCH(B40,Actions!$A$2:$A$60,0)),INDEX(Contraindicated!$B$2:$B$60,MATCH(B40,Contraindicated!$A$2:$A$60,0))) -> Letting the patient stand or sit up suddenly | D40: contraindicated | E40: No | F40: C-04 only when not in respiratory distress
A41: cardiovascular_collapse | B41: ANA-004 | C41: =IFERROR(INDEX(Actions!$B$2:$B$60,MATCH(B41,Actions!$A$2:$A$60,0)),INDEX(Contraindicated!$B$2:$B$60,MATCH(B41,Contraindicated!$A$2:$A$60,0))) -> IM epinephrine (adrenaline), mid-anterolateral thigh | D41: correct | E41: Yes | F41: Repeat every 5 minutes until two appropriate IM doses have been given (RCUK p.34-35); see ANA-014 for what follows.
A42: cardiovascular_collapse | B42: ANA-007 | C42: =IFERROR(INDEX(Actions!$B$2:$B$60,MATCH(B42,Actions!$A$2:$A$60,0)),INDEX(Contraindicated!$B$2:$B$60,MATCH(B42,Contraindicated!$A$2:$A$60,0))) -> High-flow oxygen, preferably 100% via non-rebreather mask | D42: supportive | E42: No | F42: Give to all patients as soon as available; not required for transition (RCUK p.31; EAACI p.365).
A43: cardiovascular_collapse | B43: ANA-008 | C43: =IFERROR(INDEX(Actions!$B$2:$B$60,MATCH(B43,Actions!$A$2:$A$60,0)),INDEX(Contraindicated!$B$2:$B$60,MATCH(B43,Contraindicated!$A$2:$A$60,0))) -> Establish IV access with wide-bore cannula (14-16 G adult) | D43: supportive | E43: No | F43: Prerequisite for IV fluids and the adrenaline infusion; not itself the transition trigger.
A44: cardiovascular_collapse | B44: ANA-009 | C44: =IFERROR(INDEX(Actions!$B$2:$B$60,MATCH(B44,Actions!$A$2:$A$60,0)),INDEX(Contraindicated!$B$2:$B$60,MATCH(B44,Contraindicated!$A$2:$A$60,0))) -> IV crystalloid fluids for cardiovascular instability | D44: conditional | E44: No | F44: Given alongside the adrenaline infusion but not itself required for transition (RCUK p.35, p.37).
A45: cardiovascular_collapse | B45: ANA-013 | C45: =IFERROR(INDEX(Actions!$B$2:$B$60,MATCH(B45,Actions!$A$2:$A$60,0)),INDEX(Contraindicated!$B$2:$B$60,MATCH(B45,Contraindicated!$A$2:$A$60,0))) -> CPR with continuous chest compressions | D45: conditional | E45: Yes, if arrested | F45: Unresponsive/unconscious with absent or abnormal breathing; use IV/IO adrenaline per ALS guidelines, not IM (RCUK p.26, p.39).
A46: cardiovascular_collapse | B46: ANA-014 | C46: =IFERROR(INDEX(Actions!$B$2:$B$60,MATCH(B46,Actions!$A$2:$A$60,0)),INDEX(Contraindicated!$B$2:$B$60,MATCH(B46,Contraindicated!$A$2:$A$60,0))) -> IV epinephrine infusion via infusion pump | D46: correct | E46: Yes | F46: Required once two IM doses have failed to improve symptoms: start a low-dose IV adrenaline infusion, given only by experienced specialists (RCUK p.34-37).
A47: cardiovascular_collapse | B47: ANA-015 | C47: =IFERROR(INDEX(Actions!$B$2:$B$60,MATCH(B47,Actions!$A$2:$A$60,0)),INDEX(Contraindicated!$B$2:$B$60,MATCH(B47,Contraindicated!$A$2:$A$60,0))) -> Parenteral glucagon | D47: conditional | E47: No | F47: Poor response to epinephrine, esp. on beta-blockers; very limited evidence
A48: cardiovascular_collapse | B48: ANA-001 | C48: =IFERROR(INDEX(Actions!$B$2:$B$60,MATCH(B48,Actions!$A$2:$A$60,0)),INDEX(Contraindicated!$B$2:$B$60,MATCH(B48,Contraindicated!$A$2:$A$60,0))) -> Remove/stop trigger if possible (e.g., stop IV drug or agent) | D48: supportive | E48: No | F48: Fig. 4 step 2.
A49: cardiovascular_collapse | B49: ANA-002 | C49: =IFERROR(INDEX(Actions!$B$2:$B$60,MATCH(B49,Actions!$A$2:$A$60,0)),INDEX(Contraindicated!$B$2:$B$60,MATCH(B49,Contraindicated!$A$2:$A$60,0))) -> Assess airway, breathing, circulation, mental status, skin, weight | D49: supportive | E49: No | F49: Fig. 4 step 3.
A50: cardiovascular_collapse | B50: ANA-003 | C50: =IFERROR(INDEX(Actions!$B$2:$B$60,MATCH(B50,Actions!$A$2:$A$60,0)),INDEX(Contraindicated!$B$2:$B$60,MATCH(B50,Contraindicated!$A$2:$A$60,0))) -> Call for help (resuscitation team / emergency services) | D50: supportive | E50: No
A51: cardiovascular_collapse | B51: ANA-006 | C51: =IFERROR(INDEX(Actions!$B$2:$B$60,MATCH(B51,Actions!$A$2:$A$60,0)),INDEX(Contraindicated!$B$2:$B$60,MATCH(B51,Contraindicated!$A$2:$A$60,0))) -> Position patient (supine; comfort position if respiratory distress/vomiting) | D51: supportive | E51: No | F51: Supine; pregnant: semi-recumbent left side; unconscious: recovery position
A52: cardiovascular_collapse | B52: ANA-010 | C52: =IFERROR(INDEX(Actions!$B$2:$B$60,MATCH(B52,Actions!$A$2:$A$60,0)),INDEX(Contraindicated!$B$2:$B$60,MATCH(B52,Contraindicated!$A$2:$A$60,0))) -> Monitor BP, HR, respiratory status, oxygenation, mental status | D52: supportive | E52: No | F52: Continuous monitoring
A53: cardiovascular_collapse | B53: ANA-011 | C53: =IFERROR(INDEX(Actions!$B$2:$B$60,MATCH(B53,Actions!$A$2:$A$60,0)),INDEX(Contraindicated!$B$2:$B$60,MATCH(B53,Contraindicated!$A$2:$A$60,0))) -> Inhaled short-acting beta-2 agonist (salbutamol/albuterol) | D53: supportive | E53: No | F53: Adjunct if bronchoconstriction persists; never instead of epinephrine (p.16).
A54: cardiovascular_collapse | B54: ANA-012 | C54: =IFERROR(INDEX(Actions!$B$2:$B$60,MATCH(B54,Actions!$A$2:$A$60,0)),INDEX(Contraindicated!$B$2:$B$60,MATCH(B54,Contraindicated!$A$2:$A$60,0))) -> Nebulized epinephrine for upper airway obstruction | D54: supportive | E54: No | F54: Adjunct if upper airway obstruction persists (p.15-16).
A55: cardiovascular_collapse | B55: ANA-016 | C55: =IFERROR(INDEX(Actions!$B$2:$B$60,MATCH(B55,Actions!$A$2:$A$60,0)),INDEX(Contraindicated!$B$2:$B$60,MATCH(B55,Contraindicated!$A$2:$A$60,0))) -> H1-antihistamine | D55: neutral | E55: No | F55: Limited role, relieves cutaneous symptoms only (p.16). Rapid IV first-generation antihistamine is contraindicated here (C-02).
A56: cardiovascular_collapse | B56: ANA-017 | C56: =IFERROR(INDEX(Actions!$B$2:$B$60,MATCH(B56,Actions!$A$2:$A$60,0)),INDEX(Contraindicated!$B$2:$B$60,MATCH(B56,Contraindicated!$A$2:$A$60,0))) -> Glucocorticoid | D56: neutral | E56: No
A57: cardiovascular_collapse | B57: C-01 | C57: =IFERROR(INDEX(Actions!$B$2:$B$60,MATCH(B57,Actions!$A$2:$A$60,0)),INDEX(Contraindicated!$B$2:$B$60,MATCH(B57,Contraindicated!$A$2:$A$60,0))) -> IV epinephrine bolus as initial treatment | D57: contraindicated | E57: No
A58: cardiovascular_collapse | B58: C-02 | C58: =IFERROR(INDEX(Actions!$B$2:$B$60,MATCH(B58,Actions!$A$2:$A$60,0)),INDEX(Contraindicated!$B$2:$B$60,MATCH(B58,Contraindicated!$A$2:$A$60,0))) -> Rapid IV first-generation antihistamine (e.g., chlorphenamine) | D58: contraindicated | E58: No
A59: cardiovascular_collapse | B59: C-03 | C59: =IFERROR(INDEX(Actions!$B$2:$B$60,MATCH(B59,Actions!$A$2:$A$60,0)),INDEX(Contraindicated!$B$2:$B$60,MATCH(B59,Contraindicated!$A$2:$A$60,0))) -> Using antihistamine, steroid or bronchodilator INSTEAD of (or delaying) IM epinephrine | D59: contraindicated | E59: No
A60: cardiovascular_collapse | B60: C-04 | C60: =IFERROR(INDEX(Actions!$B$2:$B$60,MATCH(B60,Actions!$A$2:$A$60,0)),INDEX(Contraindicated!$B$2:$B$60,MATCH(B60,Contraindicated!$A$2:$A$60,0))) -> Letting the patient stand or sit up suddenly | D60: contraindicated | E60: No | F60: Exemption does NOT apply here: RCUK p.19 limits the semi-recumbent/sitting exemption to predominantly respiratory symptoms with no cardiovascular instability. In cardiovascular_collapse, always penalise standing, walking, or sudden sitting up regardless of respiratory symptoms (F-09).
A61: early_reaction | B61: ANA-018 | C61: =IFERROR(INDEX(Actions!$B$2:$B$60,MATCH(B61,Actions!$A$2:$A$60,0)),INDEX(Contraindicated!$B$2:$B$60,MATCH(B61,Contraindicated!$A$2:$A$60,0))) -> Take blood sample for mast cell tryptase | D61: supportive | E61: No | F61: Take as soon as feasible; must never delay adrenaline or other treatment (RCUK p.41; EAACI p.361).
A62: airway_compromise | B62: ANA-018 | C62: =IFERROR(INDEX(Actions!$B$2:$B$60,MATCH(B62,Actions!$A$2:$A$60,0)),INDEX(Contraindicated!$B$2:$B$60,MATCH(B62,Contraindicated!$A$2:$A$60,0))) -> Take blood sample for mast cell tryptase | D62: supportive | E62: No | F62: Take as soon as feasible; must never delay adrenaline or other treatment (RCUK p.41; EAACI p.361).
A63: cardiovascular_collapse | B63: ANA-018 | C63: =IFERROR(INDEX(Actions!$B$2:$B$60,MATCH(B63,Actions!$A$2:$A$60,0)),INDEX(Contraindicated!$B$2:$B$60,MATCH(B63,Contraindicated!$A$2:$A$60,0))) -> Take blood sample for mast cell tryptase | D63: supportive | E63: No | F63: Take as soon as feasible; must never delay adrenaline or other treatment (RCUK p.41; EAACI p.361).

Sheet Transitions
A1: from_state | B1: trigger_type | C1: required_or_condition | D1: to_state | E1: basis | F1: base_timer_seconds | G1: notes
A2: early_reaction | B2: correct_action | C2: ANA-004 (IM epinephrine) | D2: stable | E2: WAO: epinephrine is first-line | G2: Bundle logic is a team decision (F-10)
A3: early_reaction | B3: timer_expiry | C3: No epinephrine given before timer ends | D3: airway_compromise | E3: WAO: delayed epinephrine risks progression; Table 7 grade 3 -> 4 | G3: Timer value needs literature; WAO gives none (F-02)
A4: airway_compromise | B4: correct_action | C4: ANA-004 (IM epinephrine, or repeat); ANA-007 is given but not required for transition (Bundle_Sequence, F-26) | D4: stable | E4: RCUK Fig. 6 p.25; Bundle_Sequence | G4: Repeat epinephrine every 5 minutes if already given (RCUK default, F-21)
A5: airway_compromise | B5: timer_expiry | C5: No correct action before timer ends | D5: cardiovascular_collapse | E5: Table 7 grade 4 -> 5
A6: cardiovascular_collapse | B6: correct_action | C6: Two appropriate IM epinephrine doses (ANA-004), then start the IV adrenaline infusion (ANA-014); CPR (ANA-013) if arrested. ANA-007/ANA-008/ANA-009 are given but not themselves required for transition (Bundle_Sequence, F-26) | D6: stable | E6: RCUK Fig. 7 p.36; pp.34-37; Bundle_Sequence | G6: ANA-015 (glucagon) remains a conditional extra (F-26)
A7: cardiovascular_collapse | B7: no_action | C7: No correct action before timer ends | D7: scenario_end (mortality logged) | E7: Design choice, not a WAO claim (F-02)

Sheet Vitals_Template
A1: state_id | B1: WAO_SBP_constraint | C1: WAO_mental_status | D1: HR_min | E1: HR_max | F1: RR_min | G1: RR_max | H1: SpO2_min | I1: SpO2_max | J1: SBP_min | K1: SBP_max | L1: rhythm | M1: mimic_source_note
A2: early_reaction | B2: SBP above hypotension threshold | C2: No collapse or loss of consciousness
A3: airway_compromise | B3: SBP above hypotension threshold | C3: No collapse or loss of consciousness
A4: cardiovascular_collapse | B4: Hypotension: adult SBP < 90 or >30% fall from baseline | C4: Collapse, possible loss of consciousness
A5: stable | B5: Not defined by WAO | C5: Not defined by WAO
A7: EXAMPLE_DELETE_ME | B7: Format demonstration only - NOT clinical data | C7: Format demonstration only | D7: 100 | E7: 110 | F7: 18 | G7: 22 | H7: 95 | I7: 97 | J7: 110 | K7: 130 | L7: sinus tach | M7: Enter numeric min and max in separate cells

Sheet Modifiers
A1: category | B1: item | C1: source
A2: Trigger: food | B2: celery | C2: Table 4 p.9
A3: Trigger: food | B3: cow's milk | C3: Table 4 p.9
A4: Trigger: food | B4: hen's egg | C4: Table 4 p.9
A5: Trigger: food | B5: peach | C5: Table 4 p.9
A6: Trigger: food | B6: peanut | C6: Table 4 p.9
A7: Trigger: food | B7: seeds (e.g., sesame) | C7: Table 4 p.9
A8: Trigger: food | B8: shellfish | C8: Table 4 p.9
A9: Trigger: food | B9: tree nuts | C9: Table 4 p.9
A10: Trigger: food | B10: wheat and buckwheat | C10: Table 4 p.9
A11: Trigger: insect venom | B11: bee and wasp venom | C11: Table 4 p.9
A12: Trigger: insect venom | B12: fire ants | C12: Table 4 p.9
... A66: Concurrent medication | B66: ethanol, sedatives, hypnotics, antidepressants, recreational drugs (may affect recognition of triggers and symptoms) | C66: Fig. 3 p.10

Sheet Post_Stable_Brain3
A1: item | B1: detail | C1: source | D1: action_id | E1: tier_in_stable | F1: when | G1: tier_before_stable
A2: Observation | B2: Observe patient; about half of biphasic reactions occur within 6-12 h; no consensus on duration | C2: p.16; p.20 | D2: PS-01 | E2: supportive | F2: Before leaving the ED; duration not defined by WAO | G2: neutral
A3: Epinephrine auto-injector | B3: Prescribe and teach self-administration (ideally at discharge) | C3: Table 8 p.15; p.16 | D3: PS-02 | E3: supportive | F3: Ideally at discharge | G3: neutral
A4: Written emergency action plan | B4: Personalized plan; patient or caregiver 'teach back' of when to give epinephrine | C4: Table 8 p.15 | D4: PS-03 | E4: supportive | F4: At discharge | G4: neutral
A5: Specialist referral | B5: Refer to allergy/immunology specialist for trigger confirmation and prevention advice | C5: p.18 | D5: PS-04 | E5: supportive | F5: At or after discharge | G5: neutral
A6: Trigger avoidance | B6: Avoidance advice; allergen immunotherapy/desensitization where indicated | C6: Table 8 p.15; p.18 | D6: PS-05 | E6: supportive | F6: At discharge and follow-up | G6: neutral
A7: Medical identification | B7: Bracelet or wallet card; record suspected trigger(s) in medical record | C7: Table 8 p.15 | D7: PS-06 | E7: supportive | F7: At discharge | G7: neutral
A8: Baseline tryptase | B8: Measure at least 24 h after symptoms resolve (the acute/2-hour sample is a separate action, ANA-018; see Verify_Flags F-31.) | C8: p.17 | D8: PS-07 | E8: supportive | F8: At least 24 h after symptoms resolve | G8: neutral
A9: Risk factor management | B9: Poorly controlled asthma, cardiovascular disease, risk-taking behaviour, nihilism over dangers of anaphylaxis | C9: Table 8 p.15 | D9: PS-08 | E9: supportive | F9: At follow-up | G9: neutral
A10: Follow-up | B10: Annual follow-up recommended by WAO | C10: p.18 | D10: PS-09 | E10: supportive | F10: Annually | G10: neutral
A11: Trigger identification tests | B11: Detailed history, confirmatory in vivo and in vitro tests; allergen skin tests at specialist follow-up (about 3-4 weeks after the episode); allergen-specific serum IgE | C11: Table 8 p.15; Fig. 5 p.14 | D11: PS-10 | E11: supportive | F11: At specialist follow-up (about 3-4 weeks) | G11: neutral
A12: Immunomodulation where indicated | B12: Stinging insect venom immunotherapy; medication desensitization in the absence of alternative therapies | C12: Fig. 5 p.14; p.18 | D12: PS-11 | E12: conditional | F12: Only where indicated (trigger dependent) | G12: neutral
... A16: Dietician / psychologist follow-up | B16: WAO and EAACI guidelines note the importance of follow-up with a dietician and a psychologist, if relevant | C16: p.18 | D16: PS-15 | E16: conditional | F16: If relevant | G16: neutral

Sheet Calculators
A1: Hypotension threshold calculator (Table 2, footnote a)
A2: Yellow cells are inputs; values shown are example inputs only.
A3: Patient age (years) | B3: 25 | C3: Input
A4: Baseline SBP (mmHg, optional) | B4: 120 | C4: Input. Leave blank if unknown.
A5: Measured SBP (mmHg) | B5: 85 | C5: Input
A6: Absolute SBP threshold (mmHg) | B6: =IF(B3<10,70+2*B3,90) -> 90 | C6: Under 10 y: 70 + (2 x age). Adults and children over 10 y: 90. (Age exactly 10 is treated as over 10.)
A7: SBP threshold for >30% fall (mmHg) | B7: =IF(B4="","",B4*0.7) -> 84 | C7: 70% of baseline SBP
A8: Result | B8: =IF(B5="","",IF(OR(B5<B6,AND(B4<>"",B5<B7)),"HYPOTENSION","Not hypotensive")) -> HYPOTENSION | C8: Either criterion defines hypotension.
A10: IM epinephrine dose calculator (Table 6, Fig. 4, p.15)
A11: Patient weight (kg) | B11: 70 | C11: Input (example value)
A12: Patient type (adult / child) | B12: adult | C12: Input. Child max dose 0.3 mg per Fig. 4 (F-05).
A13: Concentration (mg/mL) | B13: 1 | C13: 1 mg/mL (1:1000), Table 6 footnote a
A14: Dose (mg) | B14: =MIN(0.01*B11,IF(B12="child",0.3,0.5)) -> 0.5 | C14: 0.01 mg/kg, capped at 0.5 mg (adult) or 0.3 mg (child)
A15: Volume to inject (mL) | B15: =B14/B13 -> 0.5 | C15: Dose divided by concentration

Sheet Action_Aliases
A1: action_id | B1: action | C1: drug_or_item | D1: pdf_terms_and_synonyms | E1: route | F1: site | G1: dose_or_setting | H1: parameter_rules | I1: wrong_parameter_handling | J1: source
A2: ANA-001 | B2: Remove/stop trigger | C2: Trigger exposure | D2: remove exposure to the trigger; discontinue administration of drugs/therapeutic agents; discontinue an IV diagnostic or therapeutic agent | H2: Applies when the trigger is still being given or is still present (e.g. IV drug). | I2: Not specified in PDF. | J2: Fig. 4 step 2 p.11; p.15
A3: ANA-002 | B3: Assess ABC, mental status, skin, weight | C3: Assessment | D3: assess airway, breathing, circulation, mental status, skin and body weight (mass) | H3: Weight is needed for the epinephrine dose. | I3: Not specified in PDF. | J3: Fig. 4 step 3 p.11
A4: ANA-003 | B4: Call for help | C4: Help | D4: resuscitation team (hospital); emergency medical services (community) | H4: Done at the same time as epinephrine and positioning (Fig. 4 steps 4-6). | I4: Not specified in PDF. | J4: Fig. 4 step 4 p.11; p.15
A5: ANA-004 | B5: IM epinephrine | C5: Epinephrine | D5: epinephrine; adrenaline (WAO uses both words interchangeably); 1 mg/mL (1:1000) solution; epinephrine auto-injector (EAI); prefilled epinephrine syringe; vial/ampoule | E5: Intramuscular (IM) | F5: Mid-anterolateral thigh (vastus lateralis) | G5: 0.01 mg/kg, maximum 0.5 mg (Fig. 4: 0.3 mg for a child). See Epinephrine_Doses and Calculators. | H5: Use 1 mg/mL (1:1000) for IM. Repeat every 5-15 min if symptoms are refractory (p.15). | I5: IV bolus = C-01 (contraindicated). Dose above the stated maximum, or an IM site other than the thigh: PDF gives no rule or penalty (expert decision). | J5: Fig. 4 step 5 p.11; Table 6 p.12; p.15-16
A6: ANA-006 | B6: Position the patient | C6: Positioning | D6: supine; on the back; position of comfort; sitting; semi-recumbent on the left side (pregnant); recovery position (unconscious); elevate lower extremities / Trendelenburg | H6: Most patients supine; sitting if respiratory distress; pregnant: semi-recumbent on the left side; unconscious: recovery position. Leg elevation: text calls it controversial, Fig. 4 recommends it (F-09, G-14). | I6: Making the patient stand or sit up suddenly = C-04 (only when not in respiratory distress). | J6: p.15; Fig. 4 step 6 p.11
A7: ANA-007 | B7: High-flow oxygen | C7: Oxygen | D7: high-flow supplemental oxygen; 100% oxygen; non-rebreather facemask; oropharyngeal airway | E7: Inhaled | F7: Face mask or oropharyngeal airway | G7: RCUK (default): highest concentration possible via reservoir mask, then titrate to SpO2 94-98% (88-92% if at risk of hypercapnic respiratory failure). WAO: 6-8 L/min by face mask. EAACI: 10 L/min with a reservoir bag. | H7: For all patients with respiratory distress and those receiving further epinephrine doses. | I7: Not specified in PDF. | J7: RCUK 2021 p.31 (default); Fig. 4 step 7 p.11; EAACI 2021 Fig. 1 p.364
A8: ANA-008 | B8: IV access | C8: IV cannula | D8: needles or catheters with wide-bore cannula; 14-16 gauge | E8: IV | G8: Wide-bore 14-16 G (adult) | H8: Prerequisite for IV fluids (ANA-009). | I8: Not specified in PDF. | J8: Fig. 4 step 8 p.11; p.15
A9: ANA-009 | B9: IV crystalloid fluids | C9: Isotonic crystalloid | D9: IV fluids; crystalloids; 0.9% saline; isotonic saline | E9: IV | G9: Fig. 4: 1-2 L rapidly (adult 5-10 mL/kg in first 5-10 min; child 10 mL/kg). Text: 20 mL/kg bolus. PDF conflict, see F-03. | H9: For cardiovascular instability. Needs IV access first. | I9: Not specified in PDF. | J9: Fig. 4 step 8 p.11; p.15
A10: ANA-010 | B10: Monitor vitals | C10: Monitoring | D10: monitor blood pressure, cardiac rate and function, respiratory status, oxygenation; invasive monitoring (if pertinent) | G10: At frequent, regular intervals; continuous if possible | I10: Not specified in PDF. | J10: Fig. 4 step 10 p.11; p.16
A11: ANA-011 | B11: Inhaled beta-2 agonist | C11: Salbutamol / albuterol | D11: inhaled short-acting beta-2 agonist; salbutamol; albuterol | E11: Inhaled | G11: Nebulised salbutamol 5 mg (adults, school-age children); 2.5 mg (<5 years / preschool). IV bolus 250 micrograms over 5 min (adult). RCUK Appendix 3 p.57; EAACI Fig. 1 p.364 (nebulised 5 mg or MDI 600 micrograms with spacer; preschool 2.5 mg or 400 micrograms). See Refractory_Drug_Doses. | H11: For symptoms of bronchoconstriction. Adjunct only. | I11: Used instead of IM epinephrine = C-03. | J11: p.16; RCUK 2021 p.57; EAACI 2021 p.364
A12: ANA-012 | B12: Nebulized epinephrine | C12: Epinephrine (nebulized) | D12: nebulized adrenaline; nebulized epinephrine | E12: Nebulized | G12: 5 mL of 1 mg/mL (1:1000) adrenaline nebulised, only after IM/IV adrenaline (RCUK p.30). EAACI Fig. 1 p.364 gives 1 mg with 4 mL 0.9% NaCl; the two differ (F-27). | H12: For upper airway obstruction. Adjunct only. | I12: Used instead of IM epinephrine = C-03. | J12: p.15-16; RCUK 2021 p.30; EAACI 2021 p.364
A13: ANA-013 | B13: CPR | C13: Chest compressions | D13: cardiopulmonary resuscitation; continuous chest compressions | H13: Only where indicated (arrest). | I13: Not specified in PDF for a patient with a pulse (F-15). | J13: Fig. 4 step 9 p.11; p.15
A14: ANA-014 | B14: IV epinephrine infusion | C14: Epinephrine (IV infusion) | D14: intravenous infusion via infusion pump; low-dose epinephrine infusion (Brown et al. protocol) | E14: IV infusion (peripheral cannula) | G14: Mix 1 mg (1 mL of 1 mg/mL) adrenaline in 100 mL 0.9% NaCl; start 0.5-1.0 mL/kg/h (0.5 moderate, 1.0 severe); titrate to response; infusion pump, dedicated line, continuous monitoring (RCUK p.37, Appendix 3 p.57). See Refractory_Drug_Doses. | H14: Only for reactions refractory to IM epinephrine, in monitored patients, by experienced personnel. | I14: IV bolus = C-01. | J14: p.15; RCUK 2021 p.37, p.57
A15: ANA-015 | B15: Glucagon | C15: Glucagon | D15: parenteral glucagon | E15: Parenteral | G15: Adult 1 mg IV, repeat or follow with 1-2 mg/h infusion; paediatric 20-30 micrograms/kg (max 1 mg), repeat every 5 min (RCUK Appendix 3 p.57). | H15: Poor response to epinephrine, especially patients on beta-blockers. Very limited evidence. | I15: Not specified in PDF. | J15: p.16; RCUK 2021 p.39, p.57
A16: ANA-016 | B16: H1-antihistamine | C16: First-generation H1-antihistamine | D16: chlorphenamine; chlorpheniramine; diphenhydramine; clemastine (first-generation H1-antihistamines are the only ones available parenterally) | E16: Parenteral | G16: No chlorphenamine dose is given in RCUK or EAACI. After stabilisation RCUK prefers oral non-sedating cetirizine (Table 4 p.32): <2 y 250 micrograms/kg; 2-6 y 2.5-5 mg; 6-11 y 5-10 mg; 12+ y and adults 10-20 mg. Chlorphenamine IV/IM only if the oral route is impossible; rapid IV bolus can cause hypotension (C-02). | H16: Limited role; relieves cutaneous symptoms only; 2nd/3rd line. | I16: Rapid IV = C-02 (airway, collapse). Given instead of, or before, epinephrine = C-03. | J16: p.16; RCUK 2021 p.32
A17: ANA-017 | B17: Glucocorticoid | C17: Glucocorticoid | D17: intravenous hydrocortisone; methylprednisolone | E17: IV | G17: Hydrocortisone 200 mg IV initial dose (adult); 4 mg/kg IV, max 200 mg (paediatric). Consider only for refractory reactions after initial resuscitation (RCUK Appendix 3 p.57; pp.33, 39). | H17: Benefit doubtful in the acute phase; routine use controversial. | I17: Given instead of, or before, epinephrine = C-03. | J17: p.16; RCUK 2021 p.33, p.39, p.57
A18: ANA-018 | B18: Take tryptase sample | C18: Blood sample (serum or plasma tryptase) | D18: take blood sample for mast cell tryptase; measure serum tryptase | G18: Serum ('liver function test' tube) or plasma; sample volume >=0.5 mL, >2 mL preferred | H18: Timing: first sample as soon as feasible without delaying treatment; second sample 1-2 h (no later than 4 h) after onset; baseline sample >=24 h after resolution (PS-07). Record the time after symptom onset on the form, tube and clinical record. | I18: Not specified in RCUK/EAACI. | J18: RCUK 2021 p.36, pp.40-41; EAACI 2021 p.361

Sheet State_Variables
A1: variable | B1: type | C1: starts_as | D1: set_or_updated_when | E1: used_for | F1: pdf_rule | G1: source
A2: epi_given | B2: boolean | C2: False | D2: Set True when ANA-004 is logged | E2: Airway and collapse bundle: 'give now, or repeat if already given' (State_Actions, Transitions) | F2: IM epinephrine is first-line and the definitive action. | G2: Fig. 4 step 5 p.11; p.15
A3: epi_dose_count | B3: integer | C3: 0 | D3: +1 each time ANA-004 is logged | E3: Brain 3 (doses given); shows whether the patient needed more than the usual number | F3: Most patients respond to 1 or 2 doses. | G3: Fig. 4 step 5 p.11
A4: epi_last_dose_time | B4: clock time | C4: none | D4: Set to the simulation clock at every ANA-004 | E4: Repeat-dose timing | F4: Repeat dosing every 5-15 min if symptoms are refractory. | G4: p.15; Fig. 4
A5: epi_repeat_window | B5: derived | C5: closed | D5: Opens when (now - epi_last_dose_time) >= 5 real min and symptoms persist; 15 real min is the upper end of the stated interval | E5: Decides whether another ANA-004 is a valid repeat | F5: Repeat every 5-15 min. PDF gives no penalty for repeating too early or too late (F-17). | G5: p.15
A6: epi_response_poor | B6: boolean | C6: False | D6: Set by the scenario or Brain 1 (e.g. beta-blocker variant) | E6: Makes glucagon (ANA-015) and IV infusion (ANA-014) relevant | F6: Glucagon if response to epinephrine is not optimal, especially on beta-blockers. IV infusion for reactions refractory to IM. | G6: p.15-16
A7: weight_kg | B7: number | C7: from patient profile | D7: Fixed per patient | E7: Epinephrine dose = 0.01 mg/kg (cap 0.5 mg; child 0.3 mg per Fig. 4) | F7: Dose by body weight; Table 6 bands. | G7: p.15; Table 6 p.12; Fig. 4
A8: age_years | B8: number | C8: from patient profile | D8: Fixed per patient | E8: Hypotension threshold (under 10 y: 70 + 2 x age; otherwise 90); dose band | F8: Table 2 footnote a; Table 6. | G8: Table 2 p.5; Table 6 p.12
A9: baseline_sbp | B9: number | C9: from patient profile | D9: Fixed per patient | E9: Hypotension = measured SBP below 70% of baseline OR below the absolute threshold | F9: A fall of more than 30% from the person's baseline counts as hypotension. | G9: Table 2 footnote a p.5
A10: current_sbp | B10: number | C10: from state vitals | D10: Each vitals refresh | E10: Collapse-state check (hypotension) | F10: Hypotension per the two rules above. | G10: Table 2 footnote a p.5
A11: respiratory_distress | B11: boolean | C11: per state (early: only if wheeze/shortness of breath) | D11: Set on state entry and by scenario | E11: Contraindicated C-04 is evaluated only when False; sitting is acceptable when True; oxygen indicated when True | F11: Sitting may optimize breathing in respiratory distress; oxygen for all with respiratory distress. | G11: p.15-16; Fig. 4 steps 6-7; F-09
A12: patient_position | B12: enum: supine, sitting, standing, left semi-recumbent, recovery | C12: supine | D12: ANA-006 or a C-04 action | E12: C-04 evaluation and positioning tiers | F12: Fatality can occur within seconds if the patient stands or sits suddenly. | G12: Fig. 4 step 6 p.11; p.15
... A24: time_since_onset | B24: clock time | C24: 0 | D24: Simulation clock | E24: Brain 3: how long until epinephrine was given | F24: Anaphylaxis needs immediate management. The PDF gives no numeric target. | G24: p.14

Sheet Hints
A1: hint_id | B1: state_id | C1: show_when | D1: level | E1: hint_text | F1: related_action_id | G1: based_on
A2: HINT-01 | B2: early_reaction | C2: Epinephrine not yet given | D2: 1 | E2: What is the first-line drug for anaphylaxis, and how is it given? | F2: ANA-004 | G2: Abstract p.1; Fig. 4 step 5
A3: HINT-02 | B3: early_reaction | C3: Epinephrine not yet given | D3: 2 | E3: The first-line treatment is intramuscular epinephrine (adrenaline). Where on the body is it injected? | F3: ANA-004 | G3: Fig. 4 step 5 p.11
A4: HINT-03 | B4: early_reaction | C4: Epinephrine not yet given | D4: 3 | E4: Give IM epinephrine (adrenaline) 0.01 mg/kg, maximum 0.5 mg, into the middle of the outer thigh now. | F4: ANA-004 | G4: Fig. 4 step 5; Table 6
A5: HINT-04 | B5: early_reaction | C5: Trigger not removed | D5: 1 | E5: Is something still exposing the patient to the trigger, such as a drug or an IV agent? | F5: ANA-001 | G5: Fig. 4 step 2 p.11
A6: HINT-05 | B6: early_reaction | C6: No assessment logged | D6: 1 | E6: Have you checked airway, breathing, circulation, mental status and skin? | F6: ANA-002 | G6: Fig. 4 step 3 p.11
A7: HINT-06 | B7: early_reaction | C7: Help not called | D7: 1 | E7: Does anyone else need to know? Consider calling for help while you treat. | F7: ANA-003 | G7: Fig. 4 step 4 p.11
A8: HINT-07 | B8: early_reaction | C8: No monitoring started | D8: 1 | E8: Keep checking blood pressure, heart rate, breathing and oxygen level at regular intervals. | F8: ANA-010 | G8: Fig. 4 step 10 p.11
A9: HINT-08 | B9: early_reaction | C9: Antihistamine, steroid or bronchodilator given without epinephrine (C-03) | D9: 1 | E9: Does an antihistamine or steroid replace epinephrine? Think about what treats the whole reaction. | F9: ANA-004 | G9: p.16; p.20; Contraindicated C-03
A10: HINT-09 | B10: airway_compromise | C10: Patient not on oxygen | D10: 1 | E10: The patient is struggling to breathe. What supports their oxygen level? | F10: ANA-007 | G10: Fig. 4 step 7 p.11
A11: HINT-10 | B11: airway_compromise | C11: Patient not on oxygen | D11: 2 | E11: Give high-flow oxygen by face mask (preferably 100% via a non-rebreather mask). | F11: ANA-007 | G11: Fig. 4 step 7; p.15-16
A12: HINT-11 | B12: airway_compromise | C12: Epinephrine given, symptoms persist and at least 5 real minutes since the last dose | D12: 1 | E12: Has enough time passed to repeat epinephrine if symptoms continue? | F12: ANA-004 | G12: p.15 (repeat every 5-15 min)
A13: HINT-12 | B13: airway_compromise | C13: Patient in respiratory distress and lying flat | D13: 1 | E13: Is the patient's position helping their breathing? | F13: ANA-006 | G13: p.15
... A25: HINT-24 | B25: stable | C25: Before discharge | D25: 2 | E25: Before discharge: epinephrine auto-injector and training, a written action plan, and referral to an allergy specialist. | F25: PS-02; PS-03; PS-04 | G25: Table 8 p.15; p.16-18

Sheet Observable_Signs
A1: sign_id | B1: pdf_term | C1: symptom_id | D1: modality | E1: channel | F1: vr_cue_suggestion | G1: linked_vital | H1: first_state | I1: shown_in_states | J1: evidence_level | K1: source
A2: SIGN-001 | B2: hives | C2: SYM-002 | D2: observed | E2: visual | F2: Raised red rash (wheals) on the skin | H2: early_reaction | I2: early_reaction; airway_compromise; cardiovascular_collapse | J2: Direct | K2: Table 2; Table 7 grade 1 (urticaria)
A3: SIGN-002 | B3: flushing | C3: SYM-003 | D3: observed | E3: visual | F3: Red, flushed skin that feels warm | H3: early_reaction | I3: early_reaction; airway_compromise; cardiovascular_collapse | J3: Direct | K3: Table 2; Table 7 grade 1 (erythema-warmth)
A4: SIGN-003 | B4: swollen lips/tongue (non-laryngeal) | C4: SYM-006 | D4: observed | E4: visual | F4: Visibly swollen lips, tongue or face | H4: early_reaction | I4: early_reaction; airway_compromise; cardiovascular_collapse | J4: Direct | K4: Table 2; Table 7 grade 1 (angioedema, not laryngeal)
A5: SIGN-004 | B5: sneezing, runny or blocked nose | C5: SYM-007 | D5: both | E5: audio | F5: Repeated sneezing and a runny nose | H5: early_reaction | I5: early_reaction; airway_compromise; cardiovascular_collapse | J5: Direct | K5: Table 7 grade 1 (nasal symptoms)
A6: SIGN-005 | B6: itchy watery eyes | C6: SYM-008 | D6: both | E6: visual | F6: Red, watering eyes | H6: early_reaction | I6: early_reaction; airway_compromise; cardiovascular_collapse | J6: Direct | K6: Table 7 grade 1
A7: SIGN-006 | B7: throat clearing | C7: SYM-009 | D7: both | E7: audio | F7: Frequent throat clearing | H7: early_reaction | I7: early_reaction; airway_compromise; cardiovascular_collapse | J7: Direct | K7: Table 7 grade 1 (itchy throat)
A8: SIGN-007 | B8: cough | C8: SYM-010 | D8: both | E8: audio | F8: Dry cough | H8: early_reaction | I8: early_reaction; airway_compromise; cardiovascular_collapse | J8: Direct | K8: Table 7 grade 1 (cough not related to bronchospasm)
A9: SIGN-008 | B9: mild wheeze or shortness of breath | C9: SYM-011 | D9: both | E9: audio | F9: Mild wheeze; slightly short of breath | H9: early_reaction | I9: early_reaction | J9: Direct | K9: Table 2 (a); Table 7 grade 3 (mild bronchospasm, responds to treatment)
A10: SIGN-009 | B10: vomiting or diarrhea | C10: SYM-015 | D10: both | E10: visual | F10: Vomiting or repeated toilet visits | H10: early_reaction | I10: early_reaction; airway_compromise; cardiovascular_collapse | J10: Direct | K10: Table 2 (c); Table 7 grade 3
A11: SIGN-010 | B11: stridor | C11: SYM-018 | D11: observed | E11: audio | F11: Harsh, high-pitched noise when breathing in | H11: airway_compromise | I11: airway_compromise; cardiovascular_collapse | J11: Direct | K11: Table 2; Table 7 grade 4 (laryngeal edema with stridor)
A12: SIGN-011 | B12: hoarse/changed voice | C12: SYM-019 | D12: both | E12: audio | F12: Hoarse or changed voice | H12: airway_compromise | I12: airway_compromise; cardiovascular_collapse | J12: Direct | K12: Table 2 footnote c (vocal changes)
A13: SIGN-012 | B13: marked shortness of breath | C13: SYM-022 | D13: both | E13: behaviour | F13: Gasping, visibly breathless, speaks in short phrases | H13: airway_compromise | I13: airway_compromise; cardiovascular_collapse | J13: Derived | K13: Patient-language rendering of severe bronchospasm, Table 7 grade 4 (F-08)
... A20: SIGN-019 | B20: respiratory failure | C20: SYM-029 | D20: observed | E20: behaviour | F20: Cannot speak; breathing is ineffective or failing | H20: cardiovascular_collapse | I20: cardiovascular_collapse | J20: Direct | K20: Table 7 grade 5
A21: SIGN-020 | B21: hypotension (vital sign, not patient-spoken) | C21: SYM-030 | D21: measured | E21: monitor | F21: BP monitor reads below the threshold (see Calculators) | G21: SBP | H21: cardiovascular_collapse | I21: cardiovascular_collapse | J21: Direct | K21: Table 2 footnote a; Table 7 grade 5
A22: SIGN-021 | B22: hypoxemia (low oxygen saturation) | D22: measured | E22: monitor | F22: SpO2 monitor reads low. WAO gives no cut-off; take it from MIMIC-IV-ED | G22: SpO2 | H22: airway_compromise | I22: airway_compromise; cardiovascular_collapse | J22: Direct | K22: Table 2 criterion 1a p.5; Fig. 1 p.6
A23: SIGN-022 | B23: reduced peak expiratory flow (PEF) | D23: measured | E23: monitor | F23: Peak flow meter reads low (only if you model a peak flow meter) | G23: PEF | H23: airway_compromise | I23: airway_compromise; cardiovascular_collapse | J23: Direct | K23: Table 2 criterion 1a p.5; Fig. 1 p.6
A24: SIGN-023 | B24: cyanosis | C24: SYM-031 | D24: observed | E24: visual | F24: Lips or fingertips turning bluish | H24: airway_compromise | I24: airway_compromise; cardiovascular_collapse | J24: Derived | K24: RCUK p.21, Fig. 6 p.25 (central cyanosis); EAACI Fig. 1 p.364 (F-18)
A25: SIGN-024 | B25: increased work of breathing | C25: SYM-032 | D25: observed | E25: visual | F25: Visible effort to breathe; using extra muscles to breathe | H25: airway_compromise | I25: airway_compromise; cardiovascular_collapse | J25: Derived | K25: RCUK p.21, Fig. 6 p.25 (increased work of breathing, fatigue) (F-18)
A26: SIGN-025 | B26: pale, clammy skin | C26: SYM-033 | D26: observed | E26: visual | F26: Skin looks pale and feels clammy/sweaty | H26: cardiovascular_collapse | I26: cardiovascular_collapse | J26: Derived | K26: RCUK p.21, Fig. 6 p.25 (pale, clammy skin); EAACI Fig. 1 p.364 (F-18)
A27: SIGN-026 | B27: tachycardia (vital sign, not patient-spoken) | C27: SYM-034 | D27: measured | E27: monitor | F27: HR monitor reads high | G27: HR | H27: cardiovascular_collapse | I27: cardiovascular_collapse | J27: Derived | K27: RCUK p.21, Fig. 6 p.25 (significant tachycardia); EAACI Fig. 1 p.364 (F-18)

Sheet Patient_Profile_Schema
A1: field | B1: type | C1: allowed_values | D1: required_for | E1: why_needed | F1: source
A2: age_years | B2: number | C2: Under 10 y or 10 y and over (threshold rule); dose bands: 1-5 y, 6-12 y, teenager/adult | D2: Dose band; hypotension threshold | E2: Epinephrine dose band and the hypotension rule both depend on age | F2: Table 2 fn a p.5; Table 6 p.12
A3: weight_kg | B3: number | C3: Any positive weight; infants under 10 kg are dosed per kg | D3: Epinephrine dose | E3: 0.01 mg/kg with a cap | F3: p.15; Table 6 p.12; Fig. 4
A4: baseline_sbp | B4: number | C4: Patient's own normal systolic BP | D4: Hypotension rule | E4: Hypotension = more than 30% below baseline | F4: Table 2 fn a p.5
A5: sex | B5: enum | C5: female, male | D5: Uterine cramps symptom; premenstrual cofactor; pregnancy | E5: Some symptoms and cofactors apply only to female patients | F5: Table 7 p.13; Fig. 3 p.10
A6: pregnant | B6: boolean | C6: True, False | D6: Positioning | E6: Semi-recumbent on the left side | F6: p.15
A7: age_group_factor | B7: enum | C7: infant (cannot describe symptoms); adolescent/young adult (risk-taking); labour and delivery (medication risk); elderly (higher fatality risk from medication and venom); none | D7: Scenario variety; Brain 1 risk scaling | E7: Age-related factors that change presentation or risk | F7: Fig. 3 p.10
A8: trigger_group | B8: enum | C8: food; insect venom; drug; other (latex, seminal fluid, radiocontrast media, medical dyes, perioperative agents); idiopathic (no trigger found) | D8: Backstory; dialogue | E8: Trigger groups from Table 4 and p.11-12 | F8: Table 4 p.9; p.11-12; Fig. 2 p.8
A9: trigger_item | B9: enum | C9: See Modifiers (food, venom, drug, other items) | D9: Backstory; dialogue | E9: Specific elicitor | F9: Table 4 p.9; Modifiers sheet
A10: region | B10: enum | C10: North America/Australia; Asia; central Europe; southern Europe; Middle East; Korea | D10: Realistic trigger choice (optional) | E10: Elicitor profile varies by region and age | F10: p.11-12
A11: cofactors | B11: multi-select | C11: exercise; acute infection; emotional stress; disruption of routine/travel; premenstrual status; sleep deprivation; alcohol intake; physical activity; psychological burden | D11: Brain 1 risk scaling; backstory | E11: Cofactors can change onset and severity | F11: Fig. 3 p.10; Table 5 p.11; p.14
A12: concomitant_diseases | B12: multi-select | C12: asthma/other respiratory disease (unstable asthma); cardiovascular disease; allergic rhinitis/eczema (atopic disease); psychiatric illness (e.g. depression); mastocytosis/clonal mast cell disorder | D12: Brain 1 risk scaling | E12: Underlying disease can increase severity | F12: Fig. 3 p.10; p.14
... A21: mast_cell_disorder | B21: boolean | C21: True, False | D21: Idiopathic or severe variants | E21: Mast cell disorders should be considered even when a trigger is found | F21: p.11; p.14; Table 5

Sheet Differential_Dx
A1: dx_id | B1: group | C1: condition | D1: note | E1: emergism_link | F1: source
A2: DD-01 | B2: Common diagnostic dilemmas | C2: Acute asthma | D2: Can also occur during an anaphylactic episode | F2: Table 3 p.7
A3: DD-02 | B3: Common diagnostic dilemmas | C3: Syncope (faint) | F3: Table 3 p.7
A4: DD-03 | B4: Common diagnostic dilemmas | C4: Anxiety / panic attack | F4: Table 3 p.7
A5: DD-04 | B5: Common diagnostic dilemmas | C5: Acute generalized urticaria | D5: Can also occur during an anaphylactic episode | F5: Table 3 p.7
A6: DD-05 | B6: Common diagnostic dilemmas | C6: Aspiration of a foreign body | F6: Table 3 p.7
A7: DD-06 | B7: Common diagnostic dilemmas | C7: Cardiovascular: myocardial infarction | D7: Can also occur during an anaphylactic episode | E7: MI FSM (Limitation 5, comorbid presentations) | F7: Table 3 p.7
A8: DD-07 | B8: Common diagnostic dilemmas | C8: Cardiovascular: pulmonary embolus | F8: Table 3 p.7
A9: DD-08 | B9: Common diagnostic dilemmas | C9: Neurologic events (seizure, cerebrovascular event) | F9: Table 3 p.7
A10: DD-09 | B10: Postprandial syndromes | C10: Scombroidosis | D10: Histamine poisoning from fish stored at a raised temperature; usually more than one person affected | F10: Table 3 p.7
A11: DD-10 | B11: Postprandial syndromes | C11: Pollen-food allergy syndrome | D11: Oral symptoms after raw (not cooked) fruit or vegetables | F11: Table 3 p.7
A12: DD-11 | B12: Postprandial syndromes | C12: Monosodium glutamate | F12: Table 3 p.7
A13: DD-12 | B13: Postprandial syndromes | C13: Sulfites | F13: Table 3 p.7
A14: DD-13 | B14: Postprandial syndromes | C14: Food poisoning | F14: Table 3 p.7
A15: DD-14 | B15: Excess endogenous histamine | C15: Mastocytosis / clonal mast cell disorders | D15: Increased anaphylaxis risk; may be the first manifestation | F15: Table 3 p.7
A16: DD-15 | B16: Excess endogenous histamine | C16: Basophilic leukemia | F16: Table 3 p.7
A17: DD-16 | B17: Flush syndromes | C17: Peri-menopause | F17: Table 3 p.7
A18: DD-17 | B18: Flush syndromes | C18: Carcinoid syndrome | F18: Table 3 p.7
A19: DD-18 | B19: Flush syndromes | C19: Autonomic epilepsy | F19: Table 3 p.7
A20: DD-19 | B20: Flush syndromes | C20: Medullary carcinoma of the thyroid | F20: Table 3 p.7
A21: DD-20 | B21: Nonorganic disease | C21: Vocal cord dysfunction | F21: Table 3 p.7
A22: DD-21 | B22: Nonorganic disease | C22: Hyperventilation | F22: Table 3 p.7
A23: DD-22 | B23: Nonorganic disease | C23: Psychosomatic episode | F23: Table 3 p.7
A24: DD-23 | B24: Shock | C24: Hypovolemic | F24: Table 3 p.7
A25: DD-24 | B25: Shock | C25: Cardiogenic | F25: Table 3 p.7
A26: DD-25 | B26: Shock | C26: Distributive | D26: May be due to anaphylaxis or spinal cord injury | F26: Table 3 p.7
A27: DD-26 | B27: Shock | C27: Septic | F27: Table 3 p.7
A28: DD-27 | B28: Other | C28: Nonallergic angioedema | F28: Table 3 p.7
A29: DD-28 | B29: Other | C29: Hereditary angioedema types I, II and III | F29: Table 3 p.7
A30: DD-29 | B30: Other | C30: ACE inhibitor-associated angioedema | F30: Table 3 p.7
A31: DD-30 | B31: Other | C31: Systemic capillary leak syndrome | F31: Table 3 p.7
A32: DD-31 | B32: Other | C32: Red man syndrome (vancomycin) | F32: Table 3 p.7
A33: DD-32 | B33: Other | C33: Pheochromocytoma (paradoxical response) | F33: Table 3 p.7

Sheet Extra_Facts
A1: fact_id | B1: category | C1: fact | D1: value | E1: source
A2: EF-01 | B2: epidemiology | C2: Global incidence of anaphylaxis and lifetime prevalence | D2: 50-112 episodes per 100,000 person-years; lifetime prevalence 0.3-5.1% | E2: p.3
A3: EF-02 | B3: epidemiology | C3: Incidence in children | D3: 1-761 per 100,000 person-years | E3: p.3
A4: EF-03 | B4: epidemiology | C4: Recurrence of reactions during follow-up | D4: 26.5-54.0% over 1.5-25 years | E4: p.3
A5: EF-04 | B5: epidemiology | C5: Hospitalizations show an increasing trend, but mortality remains low | D5: Mortality per million people per year: drugs 0.05-0.51; food 0.03-0.32; venom 0.09-0.13 | E5: p.3
A6: EF-05 | B6: epidemiology | C6: Idiopathic anaphylaxis (no trigger identified) | D6: 6.5-35.0% of cases | E6: p.11
A7: EF-06 | B7: epidemiology | C7: Drugs are mentioned as a main cause of anaphylaxis deaths in adults | E7: p.12
A8: EF-07 | B8: grading | C8: No consensus on a severity scoring system; 23 systems were compared and their validation is lacking | D8: 23 systems | E8: p.16-17; p.19
A9: EF-08 | B9: diagnostics | C9: Consensus equation for acute mast cell activation: peak tryptase greater than 1.2 x baseline + 2 ng/L; it cannot detect all anaphylactic reactions | D9: 1.2 x baseline + 2 ng/L | E9: p.17
A10: EF-09 | B10: diagnostics | C10: 36-40% of reactions keep tryptase below 11.4 (unit printed as 'mg/L' in the PDF) | D10: 36-40% | E10: p.17
A11: EF-10 | B11: diagnostics | C11: Tryptase testing is available in less than 3% of the countries in the WAO survey | D11: <3% | E11: p.19
A12: EF-11 | B12: availability | C12: Epinephrine auto-injectors are available in only 32% of 195 countries, mostly high-income; 60% of the 42 survey countries declared having them | D12: 32%; 60% | E12: p.18-19
A13: EF-12 | B13: availability | C13: National policies for auto-injectors in public settings (schools, transport, parks) exist in few countries | D13: 16% | E13: p.20
A14: EF-13 | B14: practice | C14: Anaphylaxis is often poorly recognised, partly because of variable diagnostic criteria; this delays treatment | E14: p.19
A15: EF-14 | B15: practice | C15: Most cases are first seen by emergency doctors or general practitioners, but only about half are referred to a specialist | D15: ~50% | E15: p.20
A16: EF-15 | B16: practice | C16: Advice on trigger avoidance and emergency protocols at discharge from the ED is practically non-existent in the international survey | E16: p.20
A17: EF-16 | B17: practice | C17: Patients with recurrences often do not use their epinephrine auto-injector | E17: p.17
A18: EF-17 | B18: practice | C18: Antihistamines and corticosteroids remain the most frequently used drugs to treat anaphylaxis, although epinephrine is first-line (common trainee error) | E18: p.20
A19: EF-18 | B19: timing | C19: Median time from exposure to cardiorespiratory arrest by trigger | D19: IV medication: ~5 min; insect sting/venom: 10-15 min; food: ~30 min. Arrest more than 4 h after exposure is rare | E19: RCUK 2021 p.17 (Fig. 4), corroborating Pumphrey 2000
A20: EF-19 | B20: timing | C20: Peak IM adrenaline absorption | D20: 5-10 min after injection | E20: RCUK 2021 p.29
A21: EF-20 | B21: epidemiology | C21: Anaphylaxis incidence and lifetime risk (Europe) | D21: 1.5-7.9 per 100,000 person-years; about 1 in 300 people will experience anaphylaxis in their lifetime | E21: RCUK 2021 p.15
A22: EF-21 | B22: epidemiology | C22: UK case fatality rate and annual deaths | D22: Under 1% case fatality in those presenting to UK hospitals; mortality <1 per million per year in the general population; approx. 20-30 deaths per year in the UK (~10 food-related, ~10 peri-operative) | E22: RCUK 2021 p.15
A23: EF-22 | B23: epidemiology | C23: UK hospital admissions trend | D23: 174% increase in anaphylaxis admissions 1998-2018 (4.2 to 11.5 per 100,000); fatalities have remained stable over the same period; about 30% of admissions are food-induced | E23: RCUK 2021 p.17
A24: EF-23 | B24: epidemiology | C24: Fatality risk by trigger and age | D24: Greatest risk of fatal food anaphylaxis is in teenagers and adults up to age 30. Fatal drug-induced anaphylaxis is rare in children and highest in the elderly (comorbidities, beta-blockers, ACE inhibitors) | E24: RCUK 2021 p.15
A25: EF-24 | B25: epidemiology | C25: Fatal trigger breakdown (UK) | D25: Food accounts for 19% of anaphylaxis deaths (50% of these from peanut/tree nuts, 11% overall/26% in children from cow's milk); medication 39% of deaths; insect stings 14% of deaths | E25: RCUK 2021 p.16 (Table 1)
A26: EF-25 | B26: epidemiology | C26: Recurrence risk after a previous anaphylaxis | D26: Approximately 1 in 12 per year in the UK; 2.6-3.6 per 100 person-years in US studies; 1.4 per 100 person-years even in children admitted to paediatric ICU | E26: RCUK 2021 p.16
A27: EF-26 | B27: practice | C27: Use of multiple epinephrine doses in the community | D27: Around 10% of community anaphylaxis episodes receive a second adrenaline dose; 2.2% (95% CI 1.1-4.1%) receive more than two doses; less than 1% of reactions are refractory to initial adrenaline treatment | E27: RCUK 2021 p.27, p.34
A28: EF-27 | B28: practice | C28: Fatal outcomes despite timely adrenaline | D28: UK Fatal Anaphylaxis Registry: about one third of food-anaphylaxis deaths occur despite a timely first adrenaline dose, suggesting inadequate SUBSEQUENT resuscitation (not delayed first dose) is often the issue | E28: RCUK 2021 p.34
A29: EF-28 | B29: pathophysiology | C29: Fluid extravasation in anaphylaxis | D29: Increases in haematocrit indicate extravasation of up to 35% of circulating blood volume within 10 minutes of reaction onset (peri-operative case series) | E29: RCUK 2021 p.19 (Fisher)
A30: EF-29 | B30: diagnosis | C30: No obvious trigger identified | D30: In up to 30% of cases there is no obvious trigger (RCUK); WAO/EAACI figures range 6.5-35% | E30: RCUK 2021 p.14
... A33: EF-32 | B33: investigations | C33: Raised tryptase thresholds (RCUK) | D33: Three accepted definitions: (1) exceeding 11.4 or 14 micrograms/L (95th/99th percentile of normal); (2) exceeding [baseline x 1.2] + 2 micrograms/L; (3) any increase from a documented pre-reaction level | E33: RCUK 2021 p.41

Sheet Autoinjector_Notes
A1: topic | B1: detail | C1: source | D1: note
A2: Device dose recommended | B2: Most guidelines recommend a 0.5 mg dose in older children and adults over 50 kg, but 0.5 mg devices are generally not available in most countries | C2: p.17 | D2: PDF prints '500 mg (0.5 mg)'; use 0.5 mg (F-04)
A3: 0.3 mg device and needle length | B3: Ultrasound studies (not clinical trials) suggest the needle may be too short for an IM dose in many patients weighing more than 30 kg | C3: p.17 | D3: PDF prints '300 mg (0.3 mg)'
A4: 'Junior' device in small children | B4: Risk of intraosseous injection in young children weighing less than 15 kg | C4: p.17
A5: 0.1 mg device | B5: Lower dose and shorter needle; may suit children weighing 7.5-15 kg | C5: p.17-18
A6: Device with cues | B6: An auto-injector exists that gives audio and visual cues to the patient | C6: p.18
A7: Sublingual tablets | B7: Rapidly disintegrating epinephrine sublingual tablets are in development, not yet approved | C7: p.18
A8: Technique | B8: Inject rapidly IM into the mid-anterolateral thigh, hold about 3-10 s, then call for medical assistance | C8: p.16
A9: Where auto-injectors are not available or affordable | B9: Prefilled epinephrine syringe; or a 1-mL syringe/needle with an ampoule, with training and written instructions to draw up the correct dose | C9: p.17 | D9: Also see PS-14
A10: Prescription and training | B10: Patients should be prescribed one or more auto-injectors and be taught why, when and how to inject; carry a personalised written action plan | C10: p.16 | D10: Also see PS-02, PS-03, PS-13
A11: Availability | B11: Auto-injectors are limited to 32% of 195 countries, mostly high-income; the 'suitcase trade' is unreliable and undesirable; cost is a problem for low-income families | C11: p.18 | D11: Also see Extra_Facts
A12: Essential medicine | B12: Epinephrine is an essential medication for anaphylaxis per the WHO; WAO advocates adding auto-injectors to the WHO Model List of Essential Medicines | C12: p.18

Sheet Fluid_Bolus_Comparison
A1: guideline | B1: recommended_default | C1: population | D1: bolus_dose | E1: crystalloid_type | F1: max_volume_severe | G1: repeat | H1: source | I1: note
A2: RCUK 2021 | B2: Yes | C2: Child | D2: 10 mL/kg rapid IV bolus | E2: Non-glucose crystalloid, sodium 130-154 mmol/L (0.9% NaCl or Hartmann's) for initial resuscitation | F2: Up to 3-5 L in adults for severe anaphylactic shock (scale down for children by weight) | G2: Give further fluids as necessary; monitor response | H2: RCUK 2021 p.31 | I2: For large volumes, prefer a non-glucose crystalloid (e.g. Hartmann's/Plasma-Lyte) over 0.9% NaCl to avoid hyperchloraemia. Colloids are NOT recommended (a recognised cause of anaphylaxis)
A3: RCUK 2021 | B3: Yes | C3: Adult | D3: 500-1000 mL rapid IV bolus | E3: Non-glucose crystalloid, sodium 130-154 mmol/L (0.9% NaCl or Hartmann's) for initial resuscitation | F3: Up to 3-5 L in adults for severe anaphylactic shock | G3: Give further fluids as necessary; monitor response | H3: RCUK 2021 p.31 | I3: Give via IO route if IV access is delayed. Ensure a repeat IM epinephrine dose is also given after 5 min if symptoms persist while securing access
A4: WAO 2020 (Fig. 4 version) | B4: No | C4: Adult | D4: 5-10 mL/kg in the first 5-10 min (approx. 1-2 L total) | E4: 0.9% saline | F4: Not stated | G4: Repeat as needed | H4: WAO Fig. 4 p.11 | I4: Conflicts with WAO's own text version below (flag F-03)
A5: WAO 2020 (Fig. 4 version) | B5: No | C5: Child | D5: 10 mL/kg | E5: 0.9% saline | F5: Not stated | G5: Repeat as needed | H5: WAO Fig. 4 p.11
A6: WAO 2020 (text version) | B6: No | C6: Cardiovascular instability (any age) | D6: 20 mL/kg bolus | E6: Crystalloid | F6: Not stated | G6: Repeat as needed | H6: WAO text p.15 | I6: Conflicts with WAO's own Fig. 4 version above (flag F-03)
A7: EAACI 2021 | B7: No | C7: Child | D7: 10 mL/kg per bolus, max 500 mL per bolus | E7: Crystalloid (preferred) | F7: Not stated | G7: Repeated as needed | H7: EAACI Fig. 1 p.364; p.365 | I7: Given early with the first adrenaline dose if cardiovascular involvement
A8: EAACI 2021 | B8: No | C8: Adult | D8: 500 mL per bolus | E8: Crystalloid (preferred) | F8: Not stated | G8: Repeated as needed | H8: EAACI Fig. 1 p.364; p.365 | I8: Also considered with a second IM epinephrine dose in severe respiratory presentations

Sheet Repeat_Interval_Comparison
A1: guideline | B1: recommended_default | C1: interval | D1: basis | E1: source
A2: RCUK 2021 | B2: Yes | C2: Fixed: repeat after 5 minutes if no improvement | D2: Peak IM absorption occurs 5-10 min after injection; if no improvement after 2 doses, treat as refractory anaphylaxis and escalate (see Bundle_Sequence, Refractory_Drug_Doses) | E2: RCUK 2021 p.29, p.34
A3: WAO 2020 | B3: No | C3: Range: repeat every 5-15 minutes if refractory | D3: Most patients respond to 1-2 doses | E3: WAO p.15
A4: EAACI 2021 | B4: No | C4: Repeat if no improvement, or worsening, 5-10 min after the first dose | D4: Box 3 checklist for managing an acute allergic reaction | E4: EAACI Box 3 p.363

Sheet Bundle_Sequence
A1: state_id | B1: step_order | C1: action_id | D1: step_description | E1: required_for_transition | F1: condition | G1: source
A2: early_reaction | B2: 1 | C2: ANA-002 | D2: ABCDE assessment; recognise the greatest threat to life | E2: No | F2: Always | G2: RCUK Fig. 6 p.25
A3: early_reaction | B3: 2 | C3: ANA-001 | D3: Remove the trigger if possible (stop drug/infusion, remove sting) | E3: No | F3: If a removable trigger is present | G3: RCUK p.26
A4: early_reaction | B4: 3 | C4: ANA-004 | D4: Give IM adrenaline as soon as possible | E4: Yes (this is the FSM's required action for this state) | F4: Always, once Airway/Breathing/Circulation problems are present | G4: RCUK Fig. 6 p.25; p.28
A5: early_reaction | B5: 4 | C5: ANA-003 | D5: Call for help (resuscitation team / 999) | E5: No | F5: Always | G5: RCUK p.26
A6: early_reaction | B6: 5 | C6: ANA-006 | D6: Position the patient (lying flat + legs raised; semi-recumbent if breathing difficulty; pregnant: left side; unconscious: recovery position) | E6: No | F6: Always; never let the patient stand/sit up suddenly (C-04) | G6: RCUK p.26-27
A7: early_reaction | B7: 6 | C7: ANA-007 | D7: Give high-flow oxygen as soon as available | E7: No | F7: Always | G7: RCUK p.31
A8: early_reaction | B8: 7 | C8: ANA-010 | D8: Attach monitoring (pulse oximetry, BP, ECG) as soon as possible | E8: No | F8: Should not delay adrenaline | G8: RCUK p.28-29
A9: early_reaction | B9: 8 | C9: ANA-004 | D9: Repeat IM adrenaline after 5 minutes (same action, repeated) | E9: Conditional | F9: Only if no improvement at 5 min | G9: RCUK p.29
A10: early_reaction | B10: 9 | C10: ANA-009 | D10: Secure IV/IO access and give an IV fluid bolus | E10: Conditional | F10: If hypotension/shock or poor response to the first adrenaline dose | G10: RCUK p.31
A11: airway_compromise | B11: 1 | C11: ANA-002 | D11: ABCDE assessment; recognise the greatest threat to life | E11: No | F11: Always | G11: RCUK Fig. 6 p.25
A12: airway_compromise | B12: 2 | C12: ANA-001 | D12: Remove the trigger if possible | E12: No | F12: If a removable trigger is present | G12: RCUK p.26
A13: airway_compromise | B13: 3 | C13: ANA-004 | D13: Give IM adrenaline (or repeat if already given) as soon as possible | E13: Yes (this is the FSM's required action for this state) | F13: Always | G13: RCUK Fig. 6 p.25; p.28
... A27: cardiovascular_collapse | B27: 8 | C27: ANA-013 | D27: Start CPR immediately if cardiac arrest occurs | E27: Yes, if arrested | F27: Unresponsive/unconscious with absent or abnormal breathing; use IV/IO adrenaline per ALS guidelines, not IM | G27: RCUK p.26, p.39

Sheet Refractory_Drug_Doses
A1: drug | B1: adult_dose | C1: paediatric_dose | D1: used_for | E1: monitoring_or_caution | F1: source
A2: Adrenaline infusion | B2: Mix 1 mg (1 mL of 1 mg/mL) in 100 mL 0.9% NaCl. Start 0.5-1.0 mL/kg/h (moderate 0.5, severe 1.0 mL/kg/h ~0.1 microgram/kg/min). Titrate to response; wean once stable. | C2: Same weight-based protocol as adult | D2: First-line for refractory anaphylaxis (all aspects, not just shock) | E2: Continuous ECG, pulse oximetry, non-invasive BP at least every 5 min. Tachycardia/tremor/pallor with normal-or-raised BP = excessive adrenaline: reduce or stop infusion | F2: RCUK Appendix 3 p.57
A3: Adrenaline IV bolus (until infusion ready, specialists only) | B3: 50 micrograms (0.5 mL of 1:10,000/100 micrograms per mL prefilled syringe); if repeated, start an infusion | C3: No evidence-based dose; a child may respond to as little as 1 microgram/kg; requires very careful dilution | D3: Bridging dose only while setting up an infusion | E3: Never use undiluted 1:1000 adrenaline IV. To be given only by experienced specialists | F3: RCUK Appendix 3 p.57
A4: Aminophylline | B4: Loading 5 mg/kg (max 500 mg) IV over 20 min (omit if already on theophylline); infusion 0.5-0.7 mg/kg/h (0.3 mg/kg/h if elderly) | C4: Loading as adult; infusion 1 mg/kg/h if under 12 years | D4: Refractory bronchospasm | E4: Omit loading dose if already on theophylline | F4: RCUK Appendix 3 p.57
A5: Atropine | B5: 0.5 mg IV, repeat if necessary | C5: <12y: 10-20 micrograms/kg IV; >12y: 300-600 micrograms IV | D5: Severe persistent bradycardia despite adequate fluid resuscitation | F5: RCUK Appendix 3 p.57
A6: Glucagon | B6: 1 mg IV; can be repeated or followed by an infusion of 1-2 mg/h | C6: 20-30 micrograms/kg (max 1 mg), can repeat every 5 min | D6: Poor response to adrenaline in a patient on a beta-blocker | E6: Monitor for hyperglycaemia, vomiting, hypokalaemia, hypocalcaemia | F6: RCUK Appendix 3 p.57; p.39
A7: Hydrocortisone | B7: 200 mg IV as initial dose | C7: 4 mg/kg IV (max 200 mg) | D7: Consider for refractory reactions after initial resuscitation, or ongoing asthma/shock | E7: Not prioritised over adrenaline infusion and fluids; routine use in non-refractory anaphylaxis is NOT advised | F7: RCUK Appendix 3 p.57; p.33, p.39
A8: Ipratropium (nebulized) | B8: 500 micrograms | C8: <2y: 125 micrograms; 2-12y: 250 micrograms; >12y: 500 micrograms | D8: Refractory bronchospasm, as adjunct to salbutamol | F8: RCUK Appendix 3 p.57
A9: Metaraminol | B9: IV bolus 0.5 mg, repeat as required; infusion per local expert advice | C9: IV bolus 10 micrograms/kg, repeat as required and titrate | D9: Second-line vasopressor for refractory shock | E9: Seek expert advice; requires sufficient monitoring | F9: RCUK Appendix 3 p.57
A10: Noradrenaline | B10: IV infusion 0.05-0.5 micrograms/kg/min (seek local expert advice) | C10: Start at 0.1 micrograms/kg/min (seek expert advice) | D10: Second-line vasopressor for refractory shock | E10: Requires central-line/expert setting in most protocols | F10: RCUK Appendix 3 p.57
A11: Salbutamol (nebulized) | B11: 5 mg nebulized | C11: <5y: 2.5 mg; >5y: 5 mg | D11: Refractory bronchospasm | F11: RCUK Appendix 3 p.57
A12: Salbutamol (IV bolus) | B12: 250 micrograms IV over 5 min | C12: <2y: 5 micrograms/kg over 5 min; 2-18y: 15 micrograms/kg (max 250 micrograms) over 5 min | D12: Refractory bronchospasm not responding to nebulized therapy | E12: Give slowly over 5 min | F12: RCUK Appendix 3 p.57
A13: Vasopressin | B13: IV bolus 2 units, repeat as needed, consider infusion | C13: Infusion 0.02-0.06 units/kg/h (mix 1 unit/kg in 50 mL; give 2 mL bolus then 1-3 mL/h) | D13: Second-line vasopressor for refractory shock, especially if adrenaline infusion is suboptimal | E13: Animal-model evidence suggests adrenaline infusion followed by an alternative vasopressor is superior to vasopressin alone | F13: RCUK Appendix 3 p.57; p.36

Sheet Discharge_Observation
A1: pathway | B1: duration | C1: criteria | D1: source
A2: Fast-track discharge | B2: 2 hours after resolution of symptoms | C2: ALL of: good response (within 5-10 min) to a single adrenaline dose given within 30 min of reaction onset; complete resolution of symptoms; patient already has unused auto-injectors and is trained to use them; adequate supervision after discharge. (May also apply after a supervised allergy challenge needing 2 doses in a specialist setting.) | D2: RCUK 2021 p.43
A3: Standard observation | B3: Minimum 6 hours from resolution of symptoms | C3: Recommended if: 2 doses of IM adrenaline were needed to treat the reaction, OR the patient has a previous biphasic reaction | D3: RCUK 2021 p.43
A4: Extended observation | B4: At least 12 hours | C4: Recommended if ANY of: severe reaction requiring more than 2 doses of adrenaline; severe asthma or severe respiratory compromise; possibility of continuing allergen absorption (e.g. slow-release medicines); patient presents late at night or may not be able to respond to deterioration; patient is in an area where access to emergency care is difficult | D4: RCUK 2021 p.43
A5: Biphasic reaction incidence | B5: not a duration (statistic) | C5: Occurs in around 5% of anaphylaxis patients. Median time to biphasic symptoms is around 12 h. A 6-12 h observation window (previous NICE recommendation) may miss over 50% of biphasic reactions in that 5%. | D5: RCUK 2021 p.42
A6: Biphasic reaction risk factors | B6: not a duration (risk factors) | C6: More severe initial presentation; initial reaction requiring more than one adrenaline dose; delay in adrenaline administration (>30-60 min from symptom onset); previous history of a biphasic reaction | D6: RCUK 2021 p.42
A7: Fatality from biphasic reactions | B7: not a duration (statistic) | C7: Very rare: of over 9,000 anaphylaxis cases (28 fatalities) in the European Anaphylaxis Registry 2011-2019, 435 had a biphasic reaction and none of those patients died | D7: RCUK 2021 p.42 (citing the European Anaphylaxis Registry)
A8: Pre-discharge checks | B8: not a duration (checklist) | C8: Ask the patient to stand and assess for dizziness (postural hypotension); measure BP if appropriate; consider giving food at least 1 hour before discharge to reduce the risk of further allergen absorption from residual food in the gut | D8: RCUK 2021 p.42
A9: Superseded WAO position | B9: not applicable (design note) | C9: WAO 2020 stated there was 'no consensus' on observation duration. RCUK 2021 provides an explicit risk-stratified table, used here as the default. | D9: WAO p.20; RCUK 2021 p.43
A10: EAACI 2021 observation (comparison) | B10: 6-8 h with respiratory compromise; at least 12-24 h with hypotension | C10: Observation length is set by the type of compromise present, not by a risk-stratified pathway; EAACI gives no fast-track option comparable to RCUK's 2-hour pathway. | D10: EAACI 2021 p.366

Sheet Needle_Gauge
A1: colour_code | B1: gauge | C1: length_mm | D1: typical_use | E1: source
A2: Brown | B2: 26 G | C2: 10 mm | D2: Not generally used for IM adrenaline in anaphylaxis (too short for most patients) | E2: RCUK 2021 p.56
A3: Orange | B3: 25 G | C3: 16 mm or 25 mm | D3: 16 mm suitable for pre-term or very small infants | E3: RCUK 2021 p.56
A4: Blue | B4: 23 G | C4: 25 mm | D4: 25 mm ('a 25 mm needle is best and is suitable for all ages') | E4: RCUK 2021 p.56
A5: Green | B5: 21 G | C5: 38 mm | D5: May be needed in some adults with more subcutaneous tissue | E5: RCUK 2021 p.56
A6: Injection site | B6: - | C6: - | D6: Anterolateral aspect of the middle third of the thigh (vastus lateralis), for all ages | E6: RCUK 2021 p.29, p.56

Sheet Worm2018_Modifiers
A1: cofactor | B1: category | C1: OR_NIAID_FAAN | D1: CI_NIAID_FAAN | E1: OR_RingMessmer | F1: CI_RingMessmer | G1: notes | H1: source
A2: Age (per year) | B2: intrinsic | C2: 1.017 | D2: 1.015-1.020 | E2: 1.019 | F2: 1.010-1.028 | G2: OR is per 1-year increase; multiply by patient age vs baseline | H2: Worm 2018 Table 1
A3: Male sex | B3: intrinsic | C3: 1.158 | D3: 1.056-1.260 | E3: 1.92 | F3: 1.614-2.226 | G3: Consistent across both grading models | H3: Worm 2018 Table 1
A4: Concomitant mastocytosis | B4: comorbidity | C4: 3.192 | D4: 2.660-3.725 | E4: 5.475 | F4: 4.888-6.063 | G4: Strongest comorbidity predictor; 1.64% of cohort (n=120) | H4: Worm 2018 Table 1
A5: Concomitant asthma | B5: comorbidity | C5: 0.748 | D5: 0.610-0.887 | E5: 1.425 | F5: 1.013-1.838 | G5: Protective in NIAID/FAAN model, opposite direction in Ring&Messmer | H5: Worm 2018 Table 1
A6: Concomitant thyroid disease | B6: comorbidity | C6: 0.792 | D6: 0.593-0.991 | F6: Not used | G6: Not significant in Ring&Messmer model | H6: Worm 2018 Table 1
A7: Mild exercise | B7: lifestyle | C7: 0.757 | D7: 0.582-0.932 | F7: Not used | H7: Worm 2018 Table 1
A8: Moderate exercise | B8: lifestyle | C8: 1.092 | D8: 0.896-1.288 | F8: Not used | G8: Not statistically significant | H8: Worm 2018 Table 1
A9: Vigorous exercise | B9: lifestyle | C9: 1.475 | D9: 1.281-1.669 | F9: Not used | G9: OR rises to 3.5 (drug-elicited) / 2.06 (food-elicited) when restricted by elicitor | H9: Worm 2018 Table 1 + Results text
A10: Psychological burden | B10: lifestyle | C10: 1.399 | D10: 1.187-1.611 | E10: 2.314 | F10: 1.888-2.740 | G10: Physician-assessed clinical relevance, not patient self-report | H10: Worm 2018 Table 1
A11: ACE-I intake | B11: medication | C11: 1.282 | D11: 1.049-1.514 | F11: Not used | G11: Insignificant in Ring&Messmer model | H11: Worm 2018 Table 1
A12: Beta-blocker intake | B12: medication | D12: Not used | E12: 1.857 | F12: 1.465-2.249 | G12: Excluded (insignificant) from NIAID/FAAN model | H12: Worm 2018 Table 1
A13: Food as elicitor | B13: elicitor | C13: 0.861 | D13: 0.684-1.039 | E13: 0.522 | F13: (-0.138)-1.183 (coef CI, not sig.) | G13: Reference category varies; not significant in R&M model | H13: Worm 2018 Table 1
A14: Drugs as elicitor | B14: elicitor | C14: 1.428 | D14: 1.234-1.623 | E14: 2.294 | F14: 1.731-2.857 | H14: Worm 2018 Table 1
A15: Insects as elicitor | B15: elicitor | C15: 2.432 | D15: 2.253-2.612 | E15: 0.884 | F15: 0.317-1.451 (not significant) | G15: Strong in NIAID/FAAN, not confirmed in Ring&Messmer | H15: Worm 2018 Table 1
